Array_No,Type,Size,Bubble,Insertion,Selection,Merge,Heap,Quick
1,S,399,79401,40969.0,79401,60.0,5690.0,3649.0
2,S,399,79401,40023.0,79401,60.0,5690.0,3602.0
3,S,399,79401,41061.0,79401,60.0,5677.0,3566.0
4,S,399,79401,40923.0,79401,60.0,5716.0,3432.0
5,S,399,79401,39491.0,79401,109.0,5698.0,3767.0
6,S,399,79401,38996.0,79401,108.0,5709.0,3528.0
7,S,399,79401,40643.0,79401,110.0,5727.0,3344.0
8,S,399,79401,38677.0,79401,110.0,5670.0,3538.0
9,A,399,79401,398.0,79401,110.0,5959.0,79401.0
10,D,399,79401,79393.0,79401,107.0,5366.0,65899.0
AVG,AVG,399,79401,40057.4,79401,89.4,5690.2,17372.6
11,S,454,102831,56167.0,102831,11.0,6602.0,3848.0
12,S,454,102831,50469.0,102831,14.0,6651.0,4134.0
13,S,454,102831,51410.0,102831,14.0,6655.0,4573.0
14,S,454,102831,50104.0,102831,12.0,6635.0,4264.0
15,S,454,102831,53388.0,102831,14.0,6639.0,4820.0
16,S,454,102831,51446.0,102831,10.0,6649.0,4607.0
17,S,454,102831,53939.0,102831,13.0,6660.0,4043.0
18,S,454,102831,52019.0,102831,13.0,6635.0,4205.0
19,A,454,102831,453.0,102831,14.0,6928.0,102831.0
20,D,454,102831,102807.0,102831,11.0,6253.0,83867.0
AVG,AVG,454,102831,52220.2,102831,12.6,6630.7,22119.2
21,S,262,34191,16527.0,34191,5.0,3408.0,2098.0
22,S,262,34191,16334.0,34191,22.0,3414.0,2023.0
23,S,262,34191,17468.0,34191,8.0,3409.0,2032.0
24,S,262,34191,17009.0,34191,17.0,3405.0,2418.0
25,S,262,34191,17466.0,34191,9.0,3380.0,2065.0
26,S,262,34191,18726.0,34191,12.0,3409.0,2109.0
27,S,262,34191,17943.0,34191,51.0,3424.0,2097.0
28,S,262,34191,16887.0,34191,4.0,3409.0,2439.0
29,A,262,34191,261.0,34191,136.0,3558.0,34191.0
30,D,262,34191,34189.0,34191,3.0,3190.0,29566.0
AVG,AVG,262,34191,17281.0,34191,26.7,3400.6,8103.8
31,S,595,176715,90420.0,176715,7.0,9172.0,6191.0
32,S,595,176715,92507.0,176715,31.0,9091.0,5881.0
33,S,595,176715,88911.0,176715,30.0,9167.0,5437.0
34,S,595,176715,86371.0,176715,26.0,9166.0,6047.0
35,S,595,176715,90781.0,176715,29.0,9163.0,5797.0
36,S,595,176715,89352.0,176715,57.0,9158.0,6015.0
37,S,595,176715,90913.0,176715,25.0,9144.0,5912.0
38,S,595,176715,86347.0,176715,33.0,9148.0,6100.0
39,A,595,176715,594.0,176715,178.0,9582.0,176715.0
40,D,595,176715,176683.0,176715,23.0,8637.0,139491.0
AVG,AVG,595,176715,89287.9,176715,43.9,9142.8,36358.6
41,S,759,287661,140853.0,287661,51.0,12226.0,8123.0
42,S,759,287661,145667.0,287661,53.0,12253.0,7885.0
43,S,759,287661,141731.0,287661,48.0,12235.0,7478.0
44,S,759,287661,148978.0,287661,50.0,12269.0,9112.0
45,S,759,287661,147392.0,287661,54.0,12183.0,7863.0
46,S,759,287661,141139.0,287661,46.0,12181.0,7771.0
47,S,759,287661,142642.0,287661,48.0,12243.0,7602.0
48,S,759,287661,146244.0,287661,46.0,12225.0,7963.0
49,A,759,287661,758.0,287661,51.0,12792.0,287661.0
50,D,759,287661,287598.0,287661,45.0,11541.0,213135.0
AVG,AVG,759,287661,144300.0,287661,49.2,12214.8,56459.3
51,S,896,400960,195446.0,400960,69.0,14870.0,9492.0
52,S,896,400960,199038.0,400960,72.0,14877.0,9023.0
53,S,896,400960,198591.0,400960,71.0,14897.0,9604.0
54,S,896,400960,199708.0,400960,71.0,14831.0,10316.0
55,S,896,400960,199341.0,400960,72.0,14837.0,9618.0
56,S,896,400960,202813.0,400960,70.0,14847.0,8682.0
57,S,896,400960,200959.0,400960,72.0,14816.0,9175.0
58,S,896,400960,201626.0,400960,67.0,14875.0,9754.0
59,A,896,400960,895.0,400960,119.0,15493.0,400960.0
60,D,896,400960,400879.0,400960,117.0,14056.0,292142.0
AVG,AVG,896,400960,199930.0,400960,80.0,14839.9,76876.6
61,S,940,441330,223144.0,441330,489.0,15737.0,10580.0
62,S,940,441330,217029.0,441330,486.0,15716.0,10877.0
63,S,940,441330,219227.0,441330,486.0,15676.0,9931.0
64,S,940,441330,234921.0,441330,490.0,15653.0,9921.0
65,S,940,441330,214078.0,441330,485.0,15679.0,9179.0
66,S,940,441330,214826.0,441330,485.0,15680.0,10345.0
67,S,940,441330,219823.0,441330,490.0,15716.0,11081.0
68,S,940,441330,218251.0,441330,488.0,15717.0,9881.0
69,A,940,441330,939.0,441330,490.0,16341.0,441330.0
70,D,940,441330,441213.0,441330,484.0,14900.0,295161.0
AVG,AVG,940,441330,220345.0,441330,487.3,15681.5,81828.6
71,S,805,323610,167149.0,323610,9.0,13090.0,9362.0
72,S,805,323610,162772.0,323610,9.0,13039.0,8500.0
73,S,805,323610,160610.0,323610,9.0,13107.0,7940.0
74,S,805,323610,169505.0,323610,9.0,13069.0,10287.0
75,S,805,323610,159324.0,323610,9.0,13122.0,8014.0
76,S,805,323610,165030.0,323610,11.0,13063.0,8433.0
77,S,805,323610,156335.0,323610,10.0,13124.0,8573.0
78,S,805,323610,161456.0,323610,11.0,13140.0,8073.0
79,A,805,323610,804.0,323610,11.0,13709.0,323610.0
80,D,805,323610,323517.0,323610,8.0,12384.0,230729.0
AVG,AVG,805,323610,162650.0,323610,9.6,13084.7,62352.1
81,S,928,430128,214522.0,430128,135.0,15430.0,9114.0
82,S,928,430128,221915.0,430128,138.0,15468.0,11225.0
83,S,928,430128,218433.0,430128,135.0,15433.0,10405.0
84,S,928,430128,214927.0,430128,136.0,15468.0,9694.0
85,S,928,430128,213630.0,430128,138.0,15509.0,10999.0
86,S,928,430128,210632.0,430128,134.0,15512.0,9475.0
87,S,928,430128,213349.0,430128,135.0,15505.0,10624.0
88,S,928,430128,213253.0,430128,136.0,15482.0,10252.0
89,A,928,430128,927.0,430128,138.0,16120.0,430128.0
90,D,928,430128,430044.0,430128,135.0,14672.0,287560.0
AVG,AVG,928,430128,215163.0,430128,136.0,15459.9,79947.6
91,S,62,1891,1004.0,1891,13.0,555.0,387.0
92,S,62,1891,994.0,1891,15.0,556.0,406.0
93,S,62,1891,857.0,1891,16.0,544.0,323.0
94,S,62,1891,977.0,1891,16.0,542.0,369.0
95,S,62,1891,1045.0,1891,14.0,548.0,326.0
96,S,62,1891,1074.0,1891,14.0,554.0,327.0
97,S,62,1891,1165.0,1891,14.0,541.0,342.0
98,S,62,1891,972.0,1891,13.0,550.0,300.0
99,A,62,1891,61.0,1891,16.0,571.0,1891.0
100,D,62,1891,1891.0,1891,20.0,507.0,1865.0
AVG,AVG,62,1891,1004.0,1891,15.1,546.8,653.6
101,S,592,174936,88351.0,174936,155.0,9126.0,5872.0
102,S,592,174936,88077.0,174936,159.0,9093.0,5849.0
103,S,592,174936,87565.0,174936,155.0,9092.0,5792.0
104,S,592,174936,83878.0,174936,155.0,9092.0,6212.0
105,S,592,174936,89188.0,174936,155.0,9096.0,6008.0
106,S,592,174936,86250.0,174936,156.0,9073.0,5813.0
107,S,592,174936,90104.0,174936,156.0,9125.0,5846.0
108,S,592,174936,90283.0,174936,158.0,9145.0,5492.0
109,A,592,174936,591.0,174936,158.0,9531.0,174936.0
110,D,592,174936,174904.0,174936,154.0,8587.0,138240.0
AVG,AVG,592,174936,87919.1,174936,156.1,9096.0,36006.0
111,S,902,406351,201511.0,406351,10.0,14942.0,9648.0
112,S,902,406351,201012.0,406351,11.0,14962.0,9386.0
113,S,902,406351,202674.0,406351,12.0,14924.0,10284.0
114,S,902,406351,208966.0,406351,12.0,14947.0,9747.0
115,S,902,406351,202828.0,406351,11.0,15006.0,9898.0
116,S,902,406351,207112.0,406351,12.0,14944.0,11472.0
117,S,902,406351,192212.0,406351,12.0,14983.0,9456.0
118,S,902,406351,205689.0,406351,12.0,14962.0,9415.0
119,A,902,406351,901.0,406351,14.0,15595.0,406351.0
120,D,902,406351,406241.0,406351,9.0,14213.0,279403.0
AVG,AVG,902,406351,202915.0,406351,11.5,14947.8,76506.0
121,S,119,7021,3304.0,7021,41.0,1285.0,774.0
122,S,119,7021,3668.0,7021,44.0,1261.0,823.0
123,S,119,7021,3492.0,7021,42.0,1275.0,700.0
124,S,119,7021,3381.0,7021,39.0,1270.0,799.0
125,S,119,7021,3802.0,7021,39.0,1291.0,868.0
126,S,119,7021,3578.0,7021,42.0,1286.0,768.0
127,S,119,7021,3827.0,7021,40.0,1267.0,869.0
128,S,119,7021,3828.0,7021,44.0,1273.0,838.0
129,A,119,7021,118.0,7021,41.0,1338.0,7021.0
130,D,119,7021,7020.0,7021,39.0,1187.0,6841.0
AVG,AVG,119,7021,3601.8,7021,41.1,1273.3,2030.1
131,S,881,387640,193169.0,387640,39.0,14598.0,8871.0
132,S,881,387640,194802.0,387640,41.0,14598.0,9334.0
133,S,881,387640,197598.0,387640,40.0,14543.0,9453.0
134,S,881,387640,196961.0,387640,41.0,14576.0,9876.0
135,S,881,387640,191373.0,387640,39.0,14559.0,10145.0
136,S,881,387640,190389.0,387640,39.0,14539.0,9647.0
137,S,881,387640,192477.0,387640,39.0,14520.0,9458.0
138,S,881,387640,195240.0,387640,40.0,14553.0,10385.0
139,A,881,387640,880.0,387640,41.0,15199.0,387640.0
140,D,881,387640,387546.0,387640,49.0,13808.0,276173.0
AVG,AVG,881,387640,194044.0,387640,40.8,14549.3,74098.2
141,S,399,79401,39957.0,79401,82.0,5674.0,3993.0
142,S,399,79401,40825.0,79401,35.0,5688.0,4425.0
143,S,399,79401,40450.0,79401,34.0,5687.0,3590.0
144,S,399,79401,41322.0,79401,82.0,5688.0,3516.0
145,S,399,79401,37429.0,79401,82.0,5716.0,3430.0
146,S,399,79401,39047.0,79401,35.0,5679.0,4446.0
147,S,399,79401,39347.0,79401,32.0,5682.0,3774.0
148,S,399,79401,38969.0,79401,82.0,5714.0,3895.0
149,A,399,79401,398.0,79401,83.0,5961.0,79401.0
150,D,399,79401,79389.0,79401,34.0,5375.0,61783.0
AVG,AVG,399,79401,39713.3,79401,58.1,5686.4,17225.3
151,S,496,122760,61646.0,122760,26.0,7364.0,4402.0
152,S,496,122760,63967.0,122760,29.0,7362.0,4736.0
153,S,496,122760,62760.0,122760,29.0,7340.0,5019.0
154,S,496,122760,62099.0,122760,33.0,7339.0,4370.0
155,S,496,122760,61726.0,122760,87.0,7388.0,4719.0
156,S,496,122760,59805.0,122760,28.0,7356.0,5231.0
157,S,496,122760,64493.0,122760,26.0,7372.0,5094.0
158,S,496,122760,61448.0,122760,86.0,7397.0,4629.0
159,A,496,122760,495.0,122760,28.0,7663.0,122760.0
160,D,496,122760,122749.0,122760,32.0,6943.0,97560.0
AVG,AVG,496,122760,62118.8,122760,40.4,7352.4,25852.0
161,S,534,142311,69623.0,142311,8.0,8074.0,5334.0
162,S,534,142311,73535.0,142311,74.0,8047.0,5585.0
163,S,534,142311,70473.0,142311,73.0,8014.0,5159.0
164,S,534,142311,71175.0,142311,75.0,8055.0,4984.0
165,S,534,142311,75279.0,142311,74.0,7991.0,4965.0
166,S,534,142311,72710.0,142311,72.0,8078.0,5514.0
167,S,534,142311,71226.0,142311,76.0,8060.0,5218.0
168,S,534,142311,73643.0,142311,88.0,8047.0,4812.0
169,A,534,142311,533.0,142311,90.0,8386.0,142311.0
170,D,534,142311,142297.0,142311,72.0,7586.0,119295.0
AVG,AVG,534,142311,72049.4,142311,70.2,8033.8,30317.7
171,S,605,182710,88953.0,182710,121.0,9320.0,5866.0
172,S,605,182710,92067.0,182710,143.0,9347.0,5942.0
173,S,605,182710,95155.0,182710,140.0,9299.0,5838.0
174,S,605,182710,96144.0,182710,139.0,9312.0,5912.0
175,S,605,182710,86369.0,182710,139.0,9359.0,5877.0
176,S,605,182710,90511.0,182710,139.0,9346.0,5756.0
177,S,605,182710,88855.0,182710,140.0,9354.0,5674.0
178,S,605,182710,90954.0,182710,139.0,9326.0,5686.0
179,A,605,182710,604.0,182710,144.0,9777.0,182710.0
180,D,605,182710,182683.0,182710,138.0,8810.0,139573.0
AVG,AVG,605,182710,91229.5,182710,138.2,9325.0,36883.4
181,S,221,24310,11636.0,24310,50.0,2775.0,2092.0
182,S,221,24310,11575.0,24310,38.0,2798.0,1728.0
183,S,221,24310,12460.0,24310,40.0,2787.0,1990.0
184,S,221,24310,11565.0,24310,39.0,2776.0,1694.0
185,S,221,24310,12027.0,24310,50.0,2777.0,1796.0
186,S,221,24310,11473.0,24310,39.0,2785.0,1852.0
187,S,221,24310,12146.0,24310,49.0,2752.0,1659.0
188,S,221,24310,11801.0,24310,39.0,2802.0,1620.0
189,A,221,24310,220.0,24310,41.0,2907.0,24310.0
190,D,221,24310,24309.0,24310,49.0,2587.0,22212.0
AVG,AVG,221,24310,11921.2,24310,43.4,2774.6,6095.3
191,S,759,287661,145022.0,287661,62.0,12234.0,8487.0
192,S,759,287661,151578.0,287661,66.0,12187.0,7858.0
193,S,759,287661,138769.0,287661,63.0,12259.0,7412.0
194,S,759,287661,146173.0,287661,65.0,12218.0,8618.0
195,S,759,287661,147015.0,287661,63.0,12182.0,7680.0
196,S,759,287661,148568.0,287661,63.0,12195.0,8948.0
197,S,759,287661,146574.0,287661,59.0,12224.0,7841.0
198,S,759,287661,143163.0,287661,59.0,12244.0,7593.0
199,A,759,287661,758.0,287661,60.0,12800.0,287661.0
200,D,759,287661,287613.0,287661,62.0,11568.0,210569.0
AVG,AVG,759,287661,145523.0,287661,62.2,12211.1,56266.7
201,S,411,84255,42533.0,84255,37.0,5868.0,3797.0
202,S,411,84255,39861.0,84255,37.0,5912.0,3743.0
203,S,411,84255,41283.0,84255,37.0,5852.0,4315.0
204,S,411,84255,43275.0,84255,35.0,5900.0,4008.0
205,S,411,84255,42603.0,84255,35.0,5883.0,3793.0
206,S,411,84255,42752.0,84255,38.0,5896.0,3848.0
207,S,411,84255,42317.0,84255,36.0,5888.0,3768.0
208,S,411,84255,44049.0,84255,37.0,5871.0,3776.0
209,A,411,84255,410.0,84255,37.0,6159.0,84255.0
210,D,411,84255,84249.0,84255,35.0,5529.0,71603.0
AVG,AVG,411,84255,42333.2,84255,36.4,5875.8,18690.6
211,S,190,17955,8993.0,17955,51.0,2291.0,1451.0
212,S,190,17955,9175.0,17955,49.0,2297.0,1336.0
213,S,190,17955,10023.0,17955,49.0,2302.0,1417.0
214,S,190,17955,9272.0,17955,49.0,2312.0,1441.0
215,S,190,17955,8638.0,17955,49.0,2324.0,1414.0
216,S,190,17955,9216.0,17955,48.0,2302.0,1415.0
217,S,190,17955,9865.0,17955,49.0,2297.0,1443.0
218,S,190,17955,8481.0,17955,50.0,2300.0,1446.0
219,A,190,17955,189.0,17955,52.0,2424.0,17955.0
220,D,190,17955,17955.0,17955,37.0,2148.0,17209.0
AVG,AVG,190,17955,9180.7,17955,48.3,2299.7,4652.7
221,S,838,350703,177018.0,350703,11.0,13711.0,8528.0
222,S,838,350703,182816.0,350703,10.0,13740.0,9138.0
223,S,838,350703,174278.0,350703,12.0,13751.0,9051.0
224,S,838,350703,175439.0,350703,11.0,13784.0,9073.0
225,S,838,350703,172863.0,350703,11.0,13706.0,8964.0
226,S,838,350703,174669.0,350703,10.0,13707.0,9099.0
227,S,838,350703,177449.0,350703,12.0,13714.0,8005.0
228,S,838,350703,179593.0,350703,13.0,13758.0,8262.0
229,A,838,350703,837.0,350703,15.0,14347.0,350703.0
230,D,838,350703,350596.0,350703,9.0,12996.0,246656.0
AVG,AVG,838,350703,176556.0,350703,11.4,13721.4,66747.9
231,S,305,46360,24818.0,46360,19.0,4118.0,2645.0
232,S,305,46360,24214.0,46360,13.0,4105.0,2624.0
233,S,305,46360,22654.0,46360,13.0,4104.0,2623.0
234,S,305,46360,22976.0,46360,16.0,4086.0,2615.0
235,S,305,46360,23185.0,46360,14.0,4081.0,2783.0
236,S,305,46360,24213.0,46360,14.0,4088.0,2649.0
237,S,305,46360,22971.0,46360,15.0,4109.0,2534.0
238,S,305,46360,25069.0,46360,19.0,4099.0,2928.0
239,A,305,46360,304.0,46360,19.0,4315.0,46360.0
240,D,305,46360,46354.0,46360,13.0,3846.0,41429.0
AVG,AVG,305,46360,23675.8,46360,15.5,4095.1,10919.0
241,S,343,58653,30401.0,58653,99.0,4771.0,3230.0
242,S,343,58653,31198.0,58653,137.0,4725.0,2868.0
243,S,343,58653,27485.0,58653,141.0,4724.0,3135.0
244,S,343,58653,30888.0,58653,140.0,4732.0,3014.0
245,S,343,58653,30929.0,58653,140.0,4731.0,2741.0
246,S,343,58653,28673.0,58653,149.0,4750.0,3407.0
247,S,343,58653,30224.0,58653,135.0,4762.0,2945.0
248,S,343,58653,29457.0,58653,135.0,4743.0,3283.0
249,A,343,58653,342.0,58653,139.0,4977.0,58653.0
250,D,343,58653,58650.0,58653,135.0,4437.0,53265.0
AVG,AVG,343,58653,29824.7,58653,135.0,4735.2,13654.1
251,S,375,70125,34260.0,70125,127.0,5285.0,3298.0
252,S,375,70125,35958.0,70125,128.0,5280.0,3989.0
253,S,375,70125,33482.0,70125,125.0,5317.0,3403.0
254,S,375,70125,37358.0,70125,125.0,5271.0,3394.0
255,S,375,70125,34976.0,70125,124.0,5292.0,3373.0
256,S,375,70125,35367.0,70125,118.0,5283.0,3200.0
257,S,375,70125,37259.0,70125,125.0,5262.0,3074.0
258,S,375,70125,36228.0,70125,116.0,5263.0,3673.0
259,A,375,70125,374.0,70125,126.0,5530.0,70125.0
260,D,375,70125,70120.0,70125,124.0,4958.0,59480.0
AVG,AVG,375,70125,35538.2,70125,123.8,5274.1,15700.9
261,S,245,29890,14815.0,29890,15.0,3110.0,2035.0
262,S,245,29890,14980.0,29890,14.0,3126.0,2080.0
263,S,245,29890,15724.0,29890,14.0,3138.0,2141.0
264,S,245,29890,15496.0,29890,14.0,3115.0,1898.0
265,S,245,29890,14161.0,29890,22.0,3158.0,2012.0
266,S,245,29890,14907.0,29890,14.0,3138.0,1938.0
267,S,245,29890,15862.0,29890,12.0,3155.0,1902.0
268,S,245,29890,15298.0,29890,16.0,3157.0,1914.0
269,A,245,29890,244.0,29890,13.0,3278.0,29890.0
270,D,245,29890,29889.0,29890,12.0,2934.0,27796.0
AVG,AVG,245,29890,15137.6,29890,14.6,3130.9,7360.6
271,S,129,8256,4105.0,8256,2.0,1416.0,752.0
272,S,129,8256,3910.0,8256,1.0,1408.0,897.0
273,S,129,8256,4079.0,8256,2.0,1395.0,806.0
274,S,129,8256,4341.0,8256,1.0,1433.0,886.0
275,S,129,8256,4169.0,8256,1.0,1421.0,881.0
276,S,129,8256,4633.0,8256,2.0,1421.0,815.0
277,S,129,8256,4707.0,8256,1.0,1401.0,931.0
278,S,129,8256,4355.0,8256,1.0,1421.0,1027.0
279,A,129,8256,128.0,8256,2.0,1474.0,8256.0
280,D,129,8256,8256.0,8256,1.0,1309.0,7421.0
AVG,AVG,129,8256,4268.3,8256,1.4,1409.9,2267.2
281,S,985,484620,247885.0,484620,23.0,16557.0,12602.0
282,S,985,484620,245357.0,484620,79.0,16505.0,10822.0
283,S,985,484620,238957.0,484620,19.0,16585.0,10505.0
284,S,985,484620,240215.0,484620,26.0,16530.0,11734.0
285,S,985,484620,245340.0,484620,18.0,16561.0,11145.0
286,S,985,484620,244514.0,484620,19.0,16519.0,10423.0
287,S,985,484620,250700.0,484620,80.0,16549.0,11987.0
288,S,985,484620,237028.0,484620,19.0,16606.0,9982.0
289,A,985,484620,984.0,484620,78.0,17249.0,484620.0
290,D,985,484620,484494.0,484620,17.0,15726.0,315580.0
AVG,AVG,985,484620,243547.0,484620,37.8,16538.7,88940.0
291,S,604,182106,93203.0,182106,48.0,9315.0,5668.0
292,S,604,182106,95101.0,182106,66.0,9335.0,5747.0
293,S,604,182106,90695.0,182106,66.0,9328.0,5927.0
294,S,604,182106,89250.0,182106,64.0,9309.0,5908.0
295,S,604,182106,88392.0,182106,63.0,9317.0,7063.0
296,S,604,182106,91794.0,182106,68.0,9335.0,5474.0
297,S,604,182106,90090.0,182106,64.0,9324.0,5725.0
298,S,604,182106,92800.0,182106,67.0,9282.0,5803.0
299,A,604,182106,603.0,182106,67.0,9768.0,182106.0
300,D,604,182106,182071.0,182106,63.0,8802.0,142855.0
AVG,AVG,604,182106,91399.9,182106,63.6,9311.5,37227.6
301,S,92,4186,2120.0,4186,63.0,933.0,647.0
302,S,92,4186,2535.0,4186,64.0,920.0,670.0
303,S,92,4186,2343.0,4186,63.0,916.0,554.0
304,S,92,4186,1918.0,4186,63.0,929.0,648.0
305,S,92,4186,2179.0,4186,67.0,926.0,606.0
306,S,92,4186,2429.0,4186,64.0,918.0,652.0
307,S,92,4186,2094.0,4186,65.0,929.0,560.0
308,S,92,4186,2053.0,4186,65.0,919.0,585.0
309,A,92,4186,91.0,4186,67.0,974.0,4186.0
310,D,92,4186,4186.0,4186,64.0,857.0,3944.0
AVG,AVG,92,4186,2194.8,4186,64.5,922.1,1305.2
311,S,853,363378,187809.0,363378,10.0,13993.0,8463.0
312,S,853,363378,185893.0,363378,11.0,14037.0,8553.0
313,S,853,363378,181014.0,363378,12.0,14018.0,9329.0
314,S,853,363378,180118.0,363378,16.0,14026.0,9488.0
315,S,853,363378,181826.0,363378,11.0,14027.0,9007.0
316,S,853,363378,185062.0,363378,13.0,14020.0,10357.0
317,S,853,363378,182466.0,363378,12.0,13995.0,8609.0
318,S,853,363378,181602.0,363378,13.0,14062.0,8978.0
319,A,853,363378,852.0,363378,15.0,14658.0,363378.0
320,D,853,363378,363302.0,363378,10.0,13284.0,276533.0
AVG,AVG,853,363378,182994.0,363378,12.3,14012.0,71269.5
321,S,439,96141,49561.0,96141,18.0,6382.0,4306.0
322,S,439,96141,47782.0,96141,17.0,6380.0,4200.0
323,S,439,96141,48645.0,96141,18.0,6349.0,3765.0
324,S,439,96141,48066.0,96141,17.0,6347.0,4165.0
325,S,439,96141,48485.0,96141,29.0,6366.0,4093.0
326,S,439,96141,47911.0,96141,19.0,6381.0,4071.0
327,S,439,96141,46589.0,96141,19.0,6387.0,4599.0
328,S,439,96141,51210.0,96141,17.0,6309.0,3981.0
329,A,439,96141,438.0,96141,20.0,6665.0,96141.0
330,D,439,96141,96129.0,96141,17.0,6003.0,76667.0
AVG,AVG,439,96141,48481.6,96141,19.1,6356.9,20598.8
331,S,166,13695,6356.0,13695,11.0,1947.0,1169.0
332,S,166,13695,6877.0,13695,18.0,1944.0,1174.0
333,S,166,13695,6881.0,13695,8.0,1933.0,1136.0
334,S,166,13695,7189.0,13695,9.0,1957.0,1266.0
335,S,166,13695,7789.0,13695,16.0,1945.0,1410.0
336,S,166,13695,6533.0,13695,13.0,1948.0,1436.0
337,S,166,13695,6502.0,13695,18.0,1953.0,1216.0
338,S,166,13695,7387.0,13695,9.0,1941.0,1265.0
339,A,166,13695,165.0,13695,112.0,2053.0,13695.0
340,D,166,13695,13695.0,13695,8.0,1807.0,13001.0
AVG,AVG,166,13695,6937.4,13695,22.2,1942.8,3676.8
341,S,775,299925,148020.0,299925,202.0,12572.0,7638.0
342,S,775,299925,155695.0,299925,202.0,12511.0,8068.0
343,S,775,299925,155319.0,299925,203.0,12548.0,8243.0
344,S,775,299925,142931.0,299925,202.0,12567.0,8519.0
345,S,775,299925,152546.0,299925,201.0,12578.0,7550.0
346,S,775,299925,149662.0,299925,201.0,12546.0,8210.0
347,S,775,299925,152303.0,299925,201.0,12539.0,8248.0
348,S,775,299925,144663.0,299925,203.0,12498.0,8373.0
349,A,775,299925,774.0,299925,10.0,13102.0,299925.0
350,D,775,299925,299880.0,299925,6.0,11812.0,220425.0
AVG,AVG,775,299925,150179.0,299925,163.1,12527.3,58519.9
351,S,982,481671,236578.0,481671,24.0,16490.0,10672.0
352,S,982,481671,232498.0,481671,20.0,16530.0,10283.0
353,S,982,481671,239404.0,481671,23.0,16540.0,10896.0
354,S,982,481671,238365.0,481671,23.0,16487.0,11017.0
355,S,982,481671,230257.0,481671,19.0,16501.0,10544.0
356,S,982,481671,251974.0,481671,22.0,16550.0,10706.0
357,S,982,481671,240152.0,481671,19.0,16537.0,10087.0
358,S,982,481671,241151.0,481671,20.0,16528.0,10834.0
359,A,982,481671,981.0,481671,23.0,17194.0,481671.0
360,D,982,481671,481525.0,481671,19.0,15638.0,309932.0
AVG,AVG,982,481671,239288.0,481671,21.2,16499.5,87664.2
361,S,394,77421,38421.0,77421,8.0,5576.0,3859.0
362,S,394,77421,40344.0,77421,8.0,5601.0,3872.0
363,S,394,77421,41183.0,77421,8.0,5624.0,3819.0
364,S,394,77421,38030.0,77421,9.0,5578.0,3940.0
365,S,394,77421,38912.0,77421,9.0,5625.0,3561.0
366,S,394,77421,39194.0,77421,7.0,5608.0,3658.0
367,S,394,77421,41067.0,77421,9.0,5614.0,4062.0
368,S,394,77421,39092.0,77421,9.0,5595.0,3733.0
369,A,394,77421,393.0,77421,11.0,5876.0,77421.0
370,D,394,77421,77413.0,77421,7.0,5248.0,62377.0
AVG,AVG,394,77421,39404.9,77421,8.5,5594.5,17030.2
371,S,815,331705,167947.0,331705,20.0,13284.0,8062.0
372,S,815,331705,167209.0,331705,223.0,13291.0,8658.0
373,S,815,331705,158971.0,331705,22.0,13383.0,8618.0
374,S,815,331705,165871.0,331705,20.0,13320.0,8776.0
375,S,815,331705,167311.0,331705,215.0,13267.0,9176.0
376,S,815,331705,168916.0,331705,18.0,13288.0,8186.0
377,S,815,331705,168614.0,331705,19.0,13279.0,8319.0
378,S,815,331705,163500.0,331705,19.0,13298.0,9021.0
379,A,815,331705,814.0,331705,22.0,13899.0,331705.0
380,D,815,331705,331633.0,331705,17.0,12565.0,238606.0
AVG,AVG,815,331705,166079.0,331705,59.5,13287.4,63912.7
381,S,904,408156,207553.0,408156,16.0,15013.0,10247.0
382,S,904,408156,198063.0,408156,16.0,14967.0,9810.0
383,S,904,408156,206868.0,408156,16.0,14946.0,10686.0
384,S,904,408156,203929.0,408156,17.0,15003.0,9276.0
385,S,904,408156,209749.0,408156,17.0,14997.0,10049.0
386,S,904,408156,201822.0,408156,14.0,15024.0,9094.0
387,S,904,408156,192659.0,408156,18.0,15036.0,9702.0
388,S,904,408156,209296.0,408156,16.0,15008.0,9997.0
389,A,904,408156,903.0,408156,18.0,15665.0,408156.0
390,D,904,408156,408072.0,408156,15.0,14217.0,293481.0
AVG,AVG,904,408156,203891.0,408156,16.3,14987.6,78049.8
391,S,394,77421,39676.0,77421,9.0,5596.0,4193.0
392,S,394,77421,41147.0,77421,8.0,5570.0,3793.0
393,S,394,77421,38205.0,77421,7.0,5637.0,3427.0
394,S,394,77421,39698.0,77421,7.0,5583.0,3660.0
395,S,394,77421,38317.0,77421,9.0,5622.0,3373.0
396,S,394,77421,40781.0,77421,9.0,5603.0,3343.0
397,S,394,77421,38284.0,77421,7.0,5659.0,3473.0
398,S,394,77421,40738.0,77421,6.0,5585.0,3703.0
399,A,394,77421,393.0,77421,11.0,5869.0,77421.0
400,D,394,77421,77415.0,77421,7.0,5240.0,63833.0
AVG,AVG,394,77421,39465.4,77421,8.0,5596.4,17021.9
401,S,914,417241,210925.0,417241,15.0,15186.0,11121.0
402,S,914,417241,210307.0,417241,14.0,15175.0,10345.0
403,S,914,417241,202245.0,417241,12.0,15179.0,9690.0
404,S,914,417241,207097.0,417241,13.0,15217.0,9131.0
405,S,914,417241,206832.0,417241,12.0,15231.0,9265.0
406,S,914,417241,205509.0,417241,16.0,15197.0,9200.0
407,S,914,417241,211319.0,417241,16.0,15188.0,8814.0
408,S,914,417241,220348.0,417241,11.0,15212.0,10249.0
409,A,914,417241,913.0,417241,16.0,15842.0,417241.0
410,D,914,417241,417139.0,417241,12.0,14442.0,297327.0
AVG,AVG,914,417241,209263.0,417241,13.7,15186.9,79238.3
411,S,738,271953,134516.0,271953,24.0,11852.0,6879.0
412,S,738,271953,136516.0,271953,23.0,11868.0,8382.0
413,S,738,271953,141189.0,271953,25.0,11844.0,7978.0
414,S,738,271953,137736.0,271953,24.0,11812.0,7292.0
415,S,738,271953,132821.0,271953,27.0,11859.0,7220.0
416,S,738,271953,139722.0,271953,24.0,11850.0,8221.0
417,S,738,271953,139688.0,271953,24.0,11801.0,7512.0
418,S,738,271953,136733.0,271953,25.0,11807.0,7682.0
419,A,738,271953,737.0,271953,26.0,12381.0,271953.0
420,D,738,271953,271898.0,271953,23.0,11187.0,205841.0
AVG,AVG,738,271953,137156.0,271953,24.5,11826.1,53896.0
421,S,159,12561,6300.0,12561,56.0,1837.0,1132.0
422,S,159,12561,6010.0,12561,58.0,1849.0,1280.0
423,S,159,12561,6890.0,12561,56.0,1844.0,1054.0
424,S,159,12561,6639.0,12561,55.0,1829.0,1031.0
425,S,159,12561,6560.0,12561,55.0,1846.0,1346.0
426,S,159,12561,6727.0,12561,55.0,1840.0,1147.0
427,S,159,12561,7352.0,12561,45.0,1830.0,1152.0
428,S,159,12561,5960.0,12561,55.0,1836.0,1166.0
429,A,159,12561,158.0,12561,61.0,1943.0,12561.0
430,D,159,12561,12560.0,12561,56.0,1707.0,11387.0
AVG,AVG,159,12561,6515.6,12561,55.2,1836.1,3325.6
431,S,737,271216,127823.0,271216,25.0,11921.0,7853.0
432,S,737,271216,129449.0,271216,12.0,11804.0,8692.0
433,S,737,271216,131048.0,271216,17.0,11823.0,7701.0
434,S,737,271216,138568.0,271216,16.0,11795.0,8268.0
435,S,737,271216,138007.0,271216,25.0,11800.0,6938.0
436,S,737,271216,131763.0,271216,22.0,11887.0,8006.0
437,S,737,271216,135615.0,271216,25.0,11774.0,8283.0
438,S,737,271216,135576.0,271216,22.0,11834.0,7433.0
439,A,737,271216,736.0,271216,26.0,12375.0,271216.0
440,D,737,271216,271150.0,271216,22.0,11113.0,216989.0
AVG,AVG,737,271216,133974.0,271216,21.2,11812.6,55137.9
441,S,585,170820,88744.0,170820,3.0,8956.0,6046.0
442,S,585,170820,85063.0,170820,44.0,9021.0,5431.0
443,S,585,170820,88403.0,170820,43.0,8960.0,5457.0
444,S,585,170820,82797.0,170820,40.0,8969.0,5819.0
445,S,585,170820,84031.0,170820,46.0,8981.0,5462.0
446,S,585,170820,86605.0,170820,41.0,8997.0,5578.0
447,S,585,170820,87038.0,170820,41.0,8971.0,5819.0
448,S,585,170820,84252.0,170820,41.0,8959.0,5805.0
449,A,585,170820,584.0,170820,46.0,9385.0,170820.0
450,D,585,170820,170795.0,170820,40.0,8460.0,137372.0
AVG,AVG,585,170820,85831.2,170820,38.5,8965.9,35360.9
451,S,814,330891,167889.0,330891,16.0,13292.0,8180.0
452,S,814,330891,170045.0,330891,18.0,13292.0,9279.0
453,S,814,330891,174196.0,330891,18.0,13319.0,8884.0
454,S,814,330891,167158.0,330891,18.0,13273.0,9312.0
455,S,814,330891,161910.0,330891,123.0,13281.0,8767.0
456,S,814,330891,164230.0,330891,18.0,13294.0,8923.0
457,S,814,330891,171132.0,330891,19.0,13276.0,9854.0
458,S,814,330891,164794.0,330891,20.0,13271.0,8801.0
459,A,814,330891,813.0,330891,21.0,13893.0,330891.0
460,D,814,330891,330811.0,330891,14.0,12586.0,238300.0
AVG,AVG,814,330891,167298.0,330891,28.5,13277.7,64119.1
461,S,218,23653,12676.0,23653,23.0,2734.0,1817.0
462,S,218,23653,12790.0,23653,11.0,2713.0,1540.0
463,S,218,23653,13280.0,23653,11.0,2743.0,1630.0
464,S,218,23653,13006.0,23653,13.0,2711.0,2001.0
465,S,218,23653,12538.0,23653,13.0,2722.0,1539.0
466,S,218,23653,12215.0,23653,13.0,2714.0,1945.0
467,S,218,23653,11079.0,23653,25.0,2733.0,1773.0
468,S,218,23653,11188.0,23653,13.0,2749.0,1617.0
469,A,218,23653,217.0,23653,14.0,2852.0,23653.0
470,D,218,23653,23651.0,23653,11.0,2540.0,21393.0
AVG,AVG,218,23653,12264.0,23653,14.7,2721.1,5890.8
471,S,890,395605,202767.0,395605,110.0,14686.0,10086.0
472,S,890,395605,199550.0,395605,98.0,14718.0,8743.0
473,S,890,395605,200238.0,395605,98.0,14764.0,10478.0
474,S,890,395605,202595.0,395605,69.0,14752.0,9449.0
475,S,890,395605,195633.0,395605,72.0,14676.0,8936.0
476,S,890,395605,198515.0,395605,80.0,14737.0,11205.0
477,S,890,395605,194186.0,395605,72.0,14732.0,9423.0
478,S,890,395605,192127.0,395605,74.0,14753.0,9588.0
479,A,890,395605,889.0,395605,76.0,15397.0,395605.0
480,D,890,395605,395506.0,395605,93.0,13970.0,277195.0
AVG,AVG,890,395605,198201.0,395605,84.2,14718.5,75070.8
481,S,411,84255,41490.0,84255,13.0,5930.0,3417.0
482,S,411,84255,41854.0,84255,12.0,5893.0,3849.0
483,S,411,84255,44351.0,84255,35.0,5918.0,3575.0
484,S,411,84255,42276.0,84255,43.0,5898.0,3388.0
485,S,411,84255,40586.0,84255,14.0,5866.0,3888.0
486,S,411,84255,42262.0,84255,13.0,5890.0,3698.0
487,S,411,84255,43325.0,84255,13.0,5896.0,4002.0
488,S,411,84255,40641.0,84255,11.0,5899.0,3473.0
489,A,411,84255,410.0,84255,37.0,6170.0,84255.0
490,D,411,84255,84243.0,84255,10.0,5537.0,69692.0
AVG,AVG,411,84255,42143.8,84255,20.1,5889.7,18323.7
491,S,359,64261,32451.0,64261,103.0,4987.0,3014.0
492,S,359,64261,31627.0,64261,107.0,5011.0,2971.0
493,S,359,64261,32235.0,64261,108.0,5008.0,3039.0
494,S,359,64261,32877.0,64261,109.0,5006.0,3143.0
495,S,359,64261,34158.0,64261,110.0,5012.0,3045.0
496,S,359,64261,31009.0,64261,110.0,5025.0,2938.0
497,S,359,64261,31449.0,64261,107.0,5019.0,3196.0
498,S,359,64261,32778.0,64261,110.0,4992.0,3422.0
499,A,359,64261,358.0,64261,24.0,5254.0,64261.0
500,D,359,64261,64257.0,64261,18.0,4688.0,55915.0
AVG,AVG,359,64261,32319.9,64261,90.6,5000.2,14494.4
501,S,283,39903,20720.0,39903,32.0,3738.0,2509.0
502,S,283,39903,20077.0,39903,32.0,3756.0,2528.0
503,S,283,39903,20981.0,39903,26.0,3729.0,2327.0
504,S,283,39903,21581.0,39903,38.0,3755.0,2625.0
505,S,283,39903,20584.0,39903,32.0,3770.0,2242.0
506,S,283,39903,18973.0,39903,34.0,3761.0,2238.0
507,S,283,39903,19673.0,39903,47.0,3767.0,2188.0
508,S,283,39903,20571.0,39903,26.0,3771.0,2578.0
509,A,283,39903,282.0,39903,33.0,3919.0,39903.0
510,D,283,39903,39902.0,39903,22.0,3512.0,34711.0
AVG,AVG,283,39903,20334.4,39903,32.2,3747.8,9384.9
511,S,317,50086,24761.0,50086,79.0,4292.0,2499.0
512,S,317,50086,25579.0,50086,80.0,4285.0,2721.0
513,S,317,50086,25377.0,50086,76.0,4316.0,2446.0
514,S,317,50086,25771.0,50086,75.0,4286.0,2744.0
515,S,317,50086,24764.0,50086,81.0,4289.0,2661.0
516,S,317,50086,25230.0,50086,75.0,4324.0,2637.0
517,S,317,50086,26299.0,50086,77.0,4297.0,2787.0
518,S,317,50086,25633.0,50086,80.0,4339.0,3297.0
519,A,317,50086,316.0,50086,81.0,4515.0,50086.0
520,D,317,50086,50081.0,50086,75.0,4039.0,46384.0
AVG,AVG,317,50086,25381.1,50086,77.9,4298.2,11826.2
521,S,579,167331,83355.0,167331,13.0,8848.0,5500.0
522,S,579,167331,80203.0,167331,149.0,8850.0,5627.0
523,S,579,167331,87712.0,167331,149.0,8875.0,5572.0
524,S,579,167331,81279.0,167331,151.0,8849.0,5227.0
525,S,579,167331,86175.0,167331,148.0,8871.0,5366.0
526,S,579,167331,86997.0,167331,148.0,8855.0,5772.0
527,S,579,167331,81315.0,167331,149.0,8863.0,5426.0
528,S,579,167331,81577.0,167331,149.0,8869.0,5411.0
529,A,579,167331,578.0,167331,154.0,9265.0,167331.0
530,D,579,167331,167316.0,167331,148.0,8370.0,138039.0
AVG,AVG,579,167331,83650.7,167331,135.8,8851.5,34927.1
531,S,895,400065,197244.0,400065,135.0,14840.0,9298.0
532,S,895,400065,202308.0,400065,186.0,14823.0,9187.0
533,S,895,400065,207935.0,400065,185.0,14860.0,9694.0
534,S,895,400065,200627.0,400065,185.0,14817.0,9446.0
535,S,895,400065,201847.0,400065,199.0,14801.0,10195.0
536,S,895,400065,189184.0,400065,185.0,14858.0,10506.0
537,S,895,400065,190330.0,400065,197.0,14840.0,10098.0
538,S,895,400065,200212.0,400065,187.0,14803.0,8896.0
539,A,895,400065,894.0,400065,212.0,15476.0,400065.0
540,D,895,400065,399936.0,400065,197.0,14059.0,277257.0
AVG,AVG,895,400065,199052.0,400065,186.8,14817.7,75464.2
541,S,168,14028,6506.0,14028,132.0,1973.0,1363.0
542,S,168,14028,7161.0,14028,132.0,1977.0,1329.0
543,S,168,14028,7097.0,14028,133.0,1999.0,1256.0
544,S,168,14028,6516.0,14028,140.0,1959.0,1239.0
545,S,168,14028,7136.0,14028,156.0,1971.0,1259.0
546,S,168,14028,7070.0,14028,137.0,1974.0,1182.0
547,S,168,14028,7998.0,14028,131.0,1977.0,1057.0
548,S,168,14028,7054.0,14028,134.0,1980.0,1268.0
549,A,168,14028,167.0,14028,138.0,2081.0,14028.0
550,D,168,14028,14027.0,14028,133.0,1831.0,13160.0
AVG,AVG,168,14028,7073.2,14028,136.6,1972.2,3714.1
551,S,200,19900,10189.0,19900,14.0,2435.0,1515.0
552,S,200,19900,10216.0,19900,63.0,2428.0,1564.0
553,S,200,19900,9690.0,19900,63.0,2452.0,1594.0
554,S,200,19900,10073.0,19900,16.0,2452.0,1647.0
555,S,200,19900,10091.0,19900,61.0,2458.0,1698.0
556,S,200,19900,9831.0,19900,61.0,2460.0,1485.0
557,S,200,19900,10230.0,19900,61.0,2435.0,1861.0
558,S,200,19900,10599.0,19900,16.0,2442.0,1644.0
559,A,200,19900,199.0,19900,15.0,2577.0,19900.0
560,D,200,19900,19898.0,19900,13.0,2280.0,18306.0
AVG,AVG,200,19900,10101.6,19900,38.3,2441.9,5121.4
561,S,358,63903,30511.0,63903,17.0,5026.0,3296.0
562,S,358,63903,32440.0,63903,20.0,5008.0,3290.0
563,S,358,63903,32209.0,63903,17.0,4977.0,3547.0
564,S,358,63903,33707.0,63903,19.0,4971.0,2915.0
565,S,358,63903,32400.0,63903,20.0,4993.0,3144.0
566,S,358,63903,32665.0,63903,18.0,5013.0,3074.0
567,S,358,63903,31215.0,63903,18.0,5028.0,3583.0
568,S,358,63903,29811.0,63903,19.0,4987.0,3077.0
569,A,358,63903,357.0,63903,22.0,5242.0,63903.0
570,D,358,63903,63901.0,63903,17.0,4670.0,55533.0
AVG,AVG,358,63903,31921.6,63903,18.7,4991.5,14536.2
571,S,604,182106,93500.0,182106,364.0,9321.0,6120.0
572,S,604,182106,93803.0,182106,369.0,9325.0,5836.0
573,S,604,182106,91025.0,182106,370.0,9326.0,6514.0
574,S,604,182106,88590.0,182106,372.0,9316.0,5804.0
575,S,604,182106,87422.0,182106,367.0,9314.0,5757.0
576,S,604,182106,92380.0,182106,372.0,9285.0,5718.0
577,S,604,182106,92277.0,182106,368.0,9338.0,6148.0
578,S,604,182106,95374.0,182106,367.0,9301.0,5478.0
579,A,604,182106,603.0,182106,409.0,9758.0,182106.0
580,D,604,182106,182084.0,182106,366.0,8796.0,142378.0
AVG,AVG,604,182106,91705.8,182106,372.4,9308.0,37185.9
581,S,342,58311,29234.0,58311,11.0,4729.0,3145.0
582,S,342,58311,30375.0,58311,48.0,4721.0,2929.0
583,S,342,58311,30966.0,58311,52.0,4701.0,2953.0
584,S,342,58311,27662.0,58311,55.0,4737.0,3028.0
585,S,342,58311,29098.0,58311,49.0,4738.0,3331.0
586,S,342,58311,29135.0,58311,63.0,4708.0,2935.0
587,S,342,58311,30655.0,58311,54.0,4711.0,2874.0
588,S,342,58311,30601.0,58311,50.0,4697.0,3337.0
589,A,342,58311,341.0,58311,52.0,4956.0,58311.0
590,D,342,58311,58309.0,58311,49.0,4409.0,51795.0
AVG,AVG,342,58311,29637.6,58311,48.3,4710.7,13463.8
591,S,464,107416,52614.0,107416,359.0,6799.0,4876.0
592,S,464,107416,50932.0,107416,364.0,6829.0,4348.0
593,S,464,107416,52531.0,107416,362.0,6783.0,4331.0
594,S,464,107416,52935.0,107416,362.0,6799.0,4513.0
595,S,464,107416,56855.0,107416,362.0,6787.0,4627.0
596,S,464,107416,56471.0,107416,361.0,6795.0,3987.0
597,S,464,107416,54226.0,107416,364.0,6775.0,3813.0
598,S,464,107416,53271.0,107416,360.0,6811.0,4450.0
599,A,464,107416,463.0,107416,363.0,7115.0,107416.0
600,D,464,107416,107407.0,107416,361.0,6416.0,86159.0
AVG,AVG,464,107416,53770.5,107416,361.8,6790.9,22852.0
601,S,231,26565,14763.0,26565,70.0,2908.0,1816.0
602,S,231,26565,12443.0,26565,72.0,2941.0,1699.0
603,S,231,26565,13563.0,26565,72.0,2922.0,1967.0
604,S,231,26565,12865.0,26565,69.0,2924.0,1961.0
605,S,231,26565,13522.0,26565,71.0,2915.0,2047.0
606,S,231,26565,13825.0,26565,69.0,2896.0,1834.0
607,S,231,26565,13285.0,26565,71.0,2934.0,2054.0
608,S,231,26565,14090.0,26565,70.0,2909.0,1665.0
609,A,231,26565,230.0,26565,69.0,3061.0,26565.0
610,D,231,26565,26560.0,26565,69.0,2744.0,24201.0
AVG,AVG,231,26565,13514.6,26565,70.2,2915.4,6580.9
611,S,688,236328,120277.0,236328,533.0,10870.0,6650.0
612,S,688,236328,123555.0,236328,530.0,10853.0,7193.0
613,S,688,236328,117186.0,236328,526.0,10902.0,7488.0
614,S,688,236328,114800.0,236328,526.0,10916.0,6414.0
615,S,688,236328,118303.0,236328,530.0,10887.0,7572.0
616,S,688,236328,117957.0,236328,526.0,10866.0,6727.0
617,S,688,236328,122157.0,236328,530.0,10918.0,7381.0
618,S,688,236328,119655.0,236328,529.0,10920.0,7220.0
619,A,688,236328,687.0,236328,539.0,11397.0,236328.0
620,D,688,236328,236287.0,236328,526.0,10295.0,182976.0
AVG,AVG,688,236328,119086.0,236328,529.5,10882.4,47594.9
621,S,324,52326,25044.0,52326,170.0,4457.0,2865.0
622,S,324,52326,28444.0,52326,168.0,4408.0,2675.0
623,S,324,52326,25227.0,52326,174.0,4420.0,2740.0
624,S,324,52326,26407.0,52326,167.0,4422.0,3378.0
625,S,324,52326,27092.0,52326,172.0,4423.0,2678.0
626,S,324,52326,25324.0,52326,178.0,4452.0,2811.0
627,S,324,52326,28040.0,52326,170.0,4408.0,2759.0
628,S,324,52326,26007.0,52326,168.0,4374.0,2454.0
629,A,324,52326,323.0,52326,169.0,4639.0,52326.0
630,D,324,52326,52320.0,52326,168.0,4150.0,44671.0
AVG,AVG,324,52326,26422.8,52326,170.4,4415.3,11935.7
631,S,965,465130,236891.0,465130,14.0,16135.0,9466.0
632,S,965,465130,230019.0,465130,15.0,16128.0,10741.0
633,S,965,465130,228356.0,465130,13.0,16182.0,10536.0
634,S,965,465130,230685.0,465130,13.0,16197.0,13488.0
635,S,965,465130,232414.0,465130,14.0,16191.0,11123.0
636,S,965,465130,239414.0,465130,20.0,16210.0,10188.0
637,S,965,465130,241817.0,465130,22.0,16195.0,10872.0
638,S,965,465130,228109.0,465130,15.0,16171.0,10297.0
639,A,965,465130,964.0,465130,14.0,16863.0,465130.0
640,D,965,465130,465021.0,465130,19.0,15344.0,329756.0
AVG,AVG,965,465130,233369.0,465130,15.9,16161.6,88159.7
641,S,649,210276,106038.0,210276,45.0,10166.0,6227.0
642,S,649,210276,104446.0,210276,45.0,10160.0,6151.0
643,S,649,210276,110430.0,210276,48.0,10139.0,6170.0
644,S,649,210276,101681.0,210276,45.0,10183.0,6427.0
645,S,649,210276,108487.0,210276,48.0,10118.0,7217.0
646,S,649,210276,114013.0,210276,44.0,10129.0,6106.0
647,S,649,210276,102940.0,210276,48.0,10163.0,7311.0
648,S,649,210276,105881.0,210276,45.0,10155.0,6117.0
649,A,649,210276,648.0,210276,46.0,10646.0,210276.0
650,D,649,210276,210235.0,210276,44.0,9596.0,164304.0
AVG,AVG,649,210276,106480.0,210276,45.8,10145.5,42630.6
651,S,254,32131,15717.0,32131,51.0,3276.0,2175.0
652,S,254,32131,16275.0,32131,20.0,3284.0,1960.0
653,S,254,32131,16861.0,32131,18.0,3265.0,2144.0
654,S,254,32131,16117.0,32131,50.0,3249.0,1922.0
655,S,254,32131,16528.0,32131,19.0,3279.0,2012.0
656,S,254,32131,16213.0,32131,50.0,3248.0,1910.0
657,S,254,32131,15916.0,32131,21.0,3299.0,2083.0
658,S,254,32131,16428.0,32131,20.0,3259.0,2036.0
659,A,254,32131,253.0,32131,22.0,3410.0,32131.0
660,D,254,32131,32129.0,32131,50.0,3058.0,28851.0
AVG,AVG,254,32131,16243.7,32131,32.1,3262.7,7722.4
661,S,251,31375,16017.0,31375,18.0,3223.0,1945.0
662,S,251,31375,15499.0,31375,21.0,3220.0,1865.0
663,S,251,31375,17509.0,31375,17.0,3205.0,2074.0
664,S,251,31375,15988.0,31375,19.0,3244.0,2002.0
665,S,251,31375,14803.0,31375,17.0,3226.0,2278.0
666,S,251,31375,16456.0,31375,16.0,3208.0,2013.0
667,S,251,31375,15594.0,31375,15.0,3226.0,2058.0
668,S,251,31375,14700.0,31375,25.0,3236.0,2067.0
669,A,251,31375,250.0,31375,22.0,3373.0,31375.0
670,D,251,31375,31370.0,31375,20.0,3024.0,28435.0
AVG,AVG,251,31375,15818.6,31375,19.0,3218.5,7611.2
671,S,999,498501,252064.0,498501,267.0,16863.0,11231.0
672,S,999,498501,250385.0,498501,270.0,16842.0,10652.0
673,S,999,498501,243901.0,498501,283.0,16814.0,12049.0
674,S,999,498501,260135.0,498501,267.0,16826.0,11635.0
675,S,999,498501,254253.0,498501,269.0,16842.0,11770.0
676,S,999,498501,249215.0,498501,281.0,16843.0,11489.0
677,S,999,498501,246316.0,498501,275.0,16805.0,11288.0
678,S,999,498501,256019.0,498501,289.0,16844.0,12477.0
679,A,999,498501,998.0,498501,268.0,17521.0,498501.0
680,D,999,498501,498360.0,498501,289.0,15953.0,328053.0
AVG,AVG,999,498501,251165.0,498501,275.8,16815.3,91914.5
681,S,265,34980,17275.0,34980,3.0,3454.0,2026.0
682,S,265,34980,18531.0,34980,20.0,3450.0,2256.0
683,S,265,34980,18763.0,34980,20.0,3455.0,2495.0
684,S,265,34980,18022.0,34980,20.0,3449.0,2038.0
685,S,265,34980,18756.0,34980,19.0,3446.0,2276.0
686,S,265,34980,17409.0,34980,20.0,3420.0,2301.0
687,S,265,34980,18037.0,34980,19.0,3463.0,2124.0
688,S,265,34980,17575.0,34980,20.0,3460.0,2090.0
689,A,265,34980,264.0,34980,20.0,3612.0,34980.0
690,D,265,34980,34977.0,34980,19.0,3230.0,30927.0
AVG,AVG,265,34980,17960.9,34980,18.0,3443.9,8351.3
691,S,906,409965,200835.0,409965,15.0,15056.0,10117.0
692,S,906,409965,210422.0,409965,16.0,15026.0,11232.0
693,S,906,409965,201452.0,409965,16.0,15023.0,9752.0
694,S,906,409965,201622.0,409965,16.0,15040.0,9220.0
695,S,906,409965,212610.0,409965,12.0,15062.0,8993.0
696,S,906,409965,206920.0,409965,15.0,15062.0,9948.0
697,S,906,409965,200771.0,409965,16.0,15088.0,9061.0
698,S,906,409965,212580.0,409965,13.0,15034.0,10256.0
699,A,906,409965,905.0,409965,14.0,15699.0,409965.0
700,D,906,409965,409877.0,409965,11.0,14295.0,297234.0
AVG,AVG,906,409965,205799.0,409965,14.4,15038.5,78577.8
701,S,575,165025,82957.0,165025,224.0,8779.0,5504.0
702,S,575,165025,81683.0,165025,225.0,8810.0,6157.0
703,S,575,165025,81999.0,165025,223.0,8789.0,5395.0
704,S,575,165025,84206.0,165025,225.0,8745.0,5525.0
705,S,575,165025,85638.0,165025,223.0,8773.0,5662.0
706,S,575,165025,78182.0,165025,205.0,8762.0,6106.0
707,S,575,165025,80207.0,165025,222.0,8778.0,5802.0
708,S,575,165025,81830.0,165025,223.0,8779.0,5491.0
709,A,575,165025,574.0,165025,232.0,9190.0,165025.0
710,D,575,165025,164994.0,165025,222.0,8281.0,127122.0
AVG,AVG,575,165025,82227.0,165025,222.4,8768.6,33778.9
711,S,944,445096,233748.0,445096,372.0,15707.0,10201.0
712,S,944,445096,224681.0,445096,371.0,15747.0,10725.0
713,S,944,445096,222345.0,445096,371.0,15759.0,9413.0
714,S,944,445096,217278.0,445096,370.0,15769.0,10120.0
715,S,944,445096,226510.0,445096,371.0,15764.0,10518.0
716,S,944,445096,230541.0,445096,372.0,15736.0,9812.0
717,S,944,445096,225567.0,445096,368.0,15759.0,9830.0
718,S,944,445096,215719.0,445096,372.0,15810.0,10138.0
719,A,944,445096,943.0,445096,138.0,16434.0,445096.0
720,D,944,445096,444996.0,445096,134.0,14941.0,294799.0
AVG,AVG,944,445096,224233.0,445096,323.9,15742.6,82065.2
721,S,848,359128,182707.0,359128,278.0,13949.0,9093.0
722,S,848,359128,176529.0,359128,280.0,13966.0,9219.0
723,S,848,359128,175482.0,359128,278.0,13875.0,8241.0
724,S,848,359128,185368.0,359128,326.0,13891.0,9079.0
725,S,848,359128,178095.0,359128,279.0,13922.0,8571.0
726,S,848,359128,174940.0,359128,280.0,13971.0,8601.0
727,S,848,359128,179978.0,359128,279.0,13899.0,9126.0
728,S,848,359128,189104.0,359128,227.0,13879.0,9346.0
729,A,848,359128,847.0,359128,279.0,14571.0,359128.0
730,D,848,359128,359014.0,359128,277.0,13168.0,258025.0
AVG,AVG,848,359128,180206.0,359128,278.3,13909.1,68842.9
731,S,527,138601,72958.0,138601,169.0,7898.0,5647.0
732,S,527,138601,68842.0,138601,169.0,7894.0,4935.0
733,S,527,138601,71127.0,138601,170.0,7892.0,4903.0
734,S,527,138601,66246.0,138601,170.0,7873.0,4586.0
735,S,527,138601,71025.0,138601,169.0,7899.0,4940.0
736,S,527,138601,67296.0,138601,169.0,7903.0,4818.0
737,S,527,138601,69721.0,138601,169.0,7915.0,5670.0
738,S,527,138601,70713.0,138601,169.0,7890.0,4759.0
739,A,527,138601,526.0,138601,170.0,8255.0,138601.0
740,D,527,138601,138583.0,138601,169.0,7469.0,115274.0
AVG,AVG,527,138601,69703.7,138601,169.3,7888.8,29413.3
741,S,753,283128,140588.0,283128,29.0,12105.0,7725.0
742,S,753,283128,141975.0,283128,31.0,12103.0,9179.0
743,S,753,283128,138920.0,283128,48.0,12167.0,7966.0
744,S,753,283128,140274.0,283128,36.0,12109.0,8040.0
745,S,753,283128,137176.0,283128,35.0,12101.0,7535.0
746,S,753,283128,144708.0,283128,24.0,12084.0,8534.0
747,S,753,283128,149064.0,283128,23.0,12078.0,7841.0
748,S,753,283128,141167.0,283128,29.0,12103.0,8563.0
749,A,753,283128,752.0,283128,26.0,12698.0,283128.0
750,D,753,283128,283052.0,283128,35.0,11446.0,199228.0
AVG,AVG,753,283128,141768.0,283128,31.6,12099.4,54773.9
751,S,656,214840,110723.0,214840,254.0,10309.0,6094.0
752,S,656,214840,109483.0,214840,254.0,10278.0,7406.0
753,S,656,214840,107001.0,214840,256.0,10295.0,7378.0
754,S,656,214840,112307.0,214840,253.0,10271.0,6618.0
755,S,656,214840,107443.0,214840,253.0,10304.0,6528.0
756,S,656,214840,107602.0,214840,255.0,10302.0,7230.0
757,S,656,214840,108909.0,214840,256.0,10285.0,6206.0
758,S,656,214840,109213.0,214840,256.0,10309.0,6343.0
759,A,656,214840,655.0,214840,257.0,10773.0,214840.0
760,D,656,214840,214804.0,214840,253.0,9703.0,161131.0
AVG,AVG,656,214840,108814.0,214840,254.7,10282.9,42977.4
761,S,812,329266,161003.0,329266,10.0,13261.0,8001.0
762,S,812,329266,165711.0,329266,10.0,13228.0,8472.0
763,S,812,329266,168768.0,329266,9.0,13254.0,8966.0
764,S,812,329266,164588.0,329266,10.0,13243.0,7926.0
765,S,812,329266,163608.0,329266,12.0,13240.0,7674.0
766,S,812,329266,166439.0,329266,9.0,13194.0,9202.0
767,S,812,329266,168506.0,329266,10.0,13237.0,9043.0
768,S,812,329266,158218.0,329266,13.0,13220.0,8053.0
769,A,812,329266,811.0,329266,13.0,13844.0,329266.0
770,D,812,329266,329203.0,329266,8.0,12503.0,241123.0
AVG,AVG,812,329266,164686.0,329266,10.4,13222.4,63772.6
771,S,517,133386,68934.0,133386,3.0,7719.0,5003.0
772,S,517,133386,68953.0,133386,2.0,7680.0,5236.0
773,S,517,133386,64903.0,133386,4.0,7721.0,5192.0
774,S,517,133386,66051.0,133386,3.0,7690.0,5181.0
775,S,517,133386,70173.0,133386,3.0,7720.0,4612.0
776,S,517,133386,69818.0,133386,3.0,7741.0,5097.0
777,S,517,133386,65766.0,133386,2.0,7747.0,4538.0
778,S,517,133386,64247.0,133386,3.0,7776.0,5681.0
779,A,517,133386,516.0,133386,4.0,8053.0,133386.0
780,D,517,133386,133360.0,133386,2.0,7274.0,103750.0
AVG,AVG,517,133386,67272.1,133386,2.9,7712.1,27767.6
781,S,687,235641,116478.0,235641,226.0,10875.0,7222.0
782,S,687,235641,120348.0,235641,222.0,10891.0,7106.0
783,S,687,235641,116438.0,235641,233.0,10868.0,7043.0
784,S,687,235641,121372.0,235641,223.0,10890.0,7503.0
785,S,687,235641,117996.0,235641,227.0,10873.0,6803.0
786,S,687,235641,120456.0,235641,232.0,10817.0,6894.0
787,S,687,235641,113782.0,235641,226.0,10885.0,7310.0
788,S,687,235641,121304.0,235641,223.0,10847.0,6995.0
789,A,687,235641,686.0,235641,225.0,11387.0,235641.0
790,D,687,235641,235597.0,235641,221.0,10271.0,176675.0
AVG,AVG,687,235641,118446.0,235641,225.8,10860.4,46919.2
791,S,123,7503,4033.0,7503,18.0,1326.0,761.0
792,S,123,7503,3669.0,7503,18.0,1338.0,974.0
793,S,123,7503,4029.0,7503,17.0,1330.0,755.0
794,S,123,7503,3942.0,7503,13.0,1338.0,827.0
795,S,123,7503,3577.0,7503,14.0,1328.0,789.0
796,S,123,7503,3571.0,7503,20.0,1338.0,848.0
797,S,123,7503,3707.0,7503,22.0,1334.0,801.0
798,S,123,7503,3856.0,7503,16.0,1327.0,750.0
799,A,123,7503,122.0,7503,15.0,1391.0,7503.0
800,D,123,7503,7503.0,7503,12.0,1230.0,7247.0
AVG,AVG,123,7503,3800.9,7503,16.5,1328.0,2125.5
801,S,367,67161,35131.0,67161,105.0,5141.0,3276.0
802,S,367,67161,33648.0,67161,111.0,5141.0,3538.0
803,S,367,67161,34260.0,67161,111.0,5127.0,3667.0
804,S,367,67161,35623.0,67161,67.0,5123.0,3023.0
805,S,367,67161,34535.0,67161,106.0,5149.0,3436.0
806,S,367,67161,33342.0,67161,69.0,5145.0,3217.0
807,S,367,67161,33669.0,67161,72.0,5150.0,3317.0
808,S,367,67161,32459.0,67161,71.0,5154.0,3274.0
809,A,367,67161,366.0,67161,73.0,5404.0,67161.0
810,D,367,67161,67149.0,67161,105.0,4841.0,55634.0
AVG,AVG,367,67161,34018.2,67161,89.0,5137.5,14954.3
811,S,103,5253,2628.0,5253,10.0,1063.0,604.0
812,S,103,5253,2692.0,5253,10.0,1075.0,604.0
813,S,103,5253,2897.0,5253,11.0,1058.0,631.0
814,S,103,5253,2542.0,5253,33.0,1087.0,660.0
815,S,103,5253,2635.0,5253,10.0,1075.0,649.0
816,S,103,5253,2786.0,5253,33.0,1057.0,632.0
817,S,103,5253,2816.0,5253,10.0,1067.0,647.0
818,S,103,5253,2834.0,5253,11.0,1067.0,755.0
819,A,103,5253,102.0,5253,12.0,1119.0,5253.0
820,D,103,5253,5252.0,5253,10.0,985.0,4635.0
AVG,AVG,103,5253,2718.4,5253,15.0,1065.3,1507.0
821,S,204,20706,11194.0,20706,14.0,2499.0,1693.0
822,S,204,20706,10489.0,20706,14.0,2522.0,1814.0
823,S,204,20706,10400.0,20706,13.0,2533.0,1533.0
824,S,204,20706,10377.0,20706,13.0,2522.0,1413.0
825,S,204,20706,10873.0,20706,13.0,2509.0,1815.0
826,S,204,20706,10952.0,20706,11.0,2493.0,1454.0
827,S,204,20706,9871.0,20706,13.0,2501.0,1591.0
828,S,204,20706,10666.0,20706,13.0,2489.0,1574.0
829,A,204,20706,203.0,20706,17.0,2636.0,20706.0
830,D,204,20706,20706.0,20706,12.0,2342.0,19474.0
AVG,AVG,204,20706,10573.1,20706,13.3,2504.6,5306.7
831,S,633,200028,102125.0,200028,76.0,9854.0,5883.0
832,S,633,200028,101863.0,200028,66.0,9822.0,6419.0
833,S,633,200028,97702.0,200028,66.0,9863.0,6248.0
834,S,633,200028,98904.0,200028,66.0,9838.0,6483.0
835,S,633,200028,104072.0,200028,76.0,9830.0,6222.0
836,S,633,200028,101031.0,200028,76.0,9847.0,6381.0
837,S,633,200028,99460.0,200028,66.0,9879.0,5749.0
838,S,633,200028,104155.0,200028,66.0,9818.0,7700.0
839,A,633,200028,632.0,200028,71.0,10326.0,200028.0
840,D,633,200028,199999.0,200028,75.0,9313.0,153245.0
AVG,AVG,633,200028,100994.0,200028,70.4,9839.0,40435.8
841,S,507,128271,65043.0,128271,26.0,7531.0,4631.0
842,S,507,128271,64622.0,128271,49.0,7569.0,4717.0
843,S,507,128271,65728.0,128271,26.0,7549.0,4528.0
844,S,507,128271,63443.0,128271,53.0,7576.0,4868.0
845,S,507,128271,63702.0,128271,26.0,7548.0,5522.0
846,S,507,128271,64344.0,128271,53.0,7539.0,4984.0
847,S,507,128271,64208.0,128271,23.0,7568.0,4761.0
848,S,507,128271,64102.0,128271,36.0,7505.0,4727.0
849,A,507,128271,506.0,128271,58.0,7874.0,128271.0
850,D,507,128271,128244.0,128271,51.0,7124.0,102512.0
AVG,AVG,507,128271,64394.2,128271,40.1,7538.3,26952.1
851,S,206,21115,10687.0,21115,15.0,2539.0,1689.0
852,S,206,21115,9918.0,21115,15.0,2539.0,1506.0
853,S,206,21115,11181.0,21115,14.0,2546.0,1693.0
854,S,206,21115,10899.0,21115,16.0,2542.0,1544.0
855,S,206,21115,11148.0,21115,15.0,2535.0,1402.0
856,S,206,21115,9938.0,21115,14.0,2545.0,1561.0
857,S,206,21115,11036.0,21115,15.0,2562.0,1535.0
858,S,206,21115,10672.0,21115,13.0,2530.0,1467.0
859,A,206,21115,205.0,21115,16.0,2671.0,21115.0
860,D,206,21115,21115.0,21115,13.0,2372.0,18543.0
AVG,AVG,206,21115,10679.9,21115,14.6,2538.1,5205.5
861,S,541,146070,73172.0,146070,106.0,8140.0,4865.0
862,S,541,146070,67485.0,146070,124.0,8208.0,5959.0
863,S,541,146070,75499.0,146070,123.0,8164.0,4998.0
864,S,541,146070,72577.0,146070,107.0,8120.0,5072.0
865,S,541,146070,71337.0,146070,109.0,8152.0,5345.0
866,S,541,146070,71289.0,146070,111.0,8168.0,5029.0
867,S,541,146070,74585.0,146070,106.0,8177.0,5407.0
868,S,541,146070,73129.0,146070,106.0,8150.0,5243.0
869,A,541,146070,540.0,146070,124.0,8517.0,146070.0
870,D,541,146070,146045.0,146070,106.0,7707.0,116890.0
AVG,AVG,541,146070,72565.8,146070,112.2,8150.3,30487.8
871,S,638,203203,95622.0,203203,121.0,9961.0,6567.0
872,S,638,203203,102285.0,203203,108.0,9963.0,6928.0
873,S,638,203203,103800.0,203203,115.0,9944.0,6629.0
874,S,638,203203,104562.0,203203,113.0,9966.0,6199.0
875,S,638,203203,101099.0,203203,120.0,9967.0,6288.0
876,S,638,203203,104066.0,203203,111.0,9979.0,6002.0
877,S,638,203203,105305.0,203203,111.0,9963.0,6437.0
878,S,638,203203,103246.0,203203,118.0,9945.0,6762.0
879,A,638,203203,637.0,203203,114.0,10437.0,203203.0
880,D,638,203203,203159.0,203203,117.0,9438.0,150139.0
AVG,AVG,638,203203,102378.0,203203,114.8,9956.3,40515.4
881,S,268,35778,18359.0,35778,142.0,3507.0,2112.0
882,S,268,35778,19592.0,35778,139.0,3477.0,2645.0
883,S,268,35778,19041.0,35778,139.0,3518.0,2041.0
884,S,268,35778,16161.0,35778,155.0,3520.0,2262.0
885,S,268,35778,16771.0,35778,139.0,3498.0,2112.0
886,S,268,35778,17934.0,35778,138.0,3490.0,2207.0
887,S,268,35778,18331.0,35778,141.0,3488.0,2577.0
888,S,268,35778,17502.0,35778,139.0,3495.0,2181.0
889,A,268,35778,267.0,35778,161.0,3667.0,35778.0
890,D,268,35778,35775.0,35778,138.0,3275.0,31390.0
AVG,AVG,268,35778,17973.3,35778,143.1,3493.5,8530.5
891,S,997,496506,252373.0,496506,17.0,16829.0,11557.0
892,S,997,496506,241932.0,496506,37.0,16797.0,11877.0
893,S,997,496506,252053.0,496506,19.0,16782.0,11224.0
894,S,997,496506,255577.0,496506,18.0,16732.0,10981.0
895,S,997,496506,251574.0,496506,33.0,16797.0,9983.0
896,S,997,496506,242833.0,496506,24.0,16814.0,11839.0
897,S,997,496506,255512.0,496506,33.0,16828.0,11011.0
898,S,997,496506,239864.0,496506,16.0,16804.0,10551.0
899,A,997,496506,996.0,496506,33.0,17478.0,496506.0
900,D,997,496506,496381.0,496506,21.0,15951.0,330394.0
AVG,AVG,997,496506,248910.0,496506,25.1,16781.2,91592.3
901,S,443,97903,48516.0,97903,26.0,6464.0,4173.0
902,S,443,97903,48193.0,97903,17.0,6466.0,4291.0
903,S,443,97903,49694.0,97903,26.0,6452.0,4399.0
904,S,443,97903,47195.0,97903,18.0,6438.0,4216.0
905,S,443,97903,50221.0,97903,19.0,6444.0,4279.0
906,S,443,97903,49838.0,97903,28.0,6475.0,3846.0
907,S,443,97903,48975.0,97903,15.0,6426.0,3752.0
908,S,443,97903,49187.0,97903,21.0,6444.0,3887.0
909,A,443,97903,442.0,97903,20.0,6718.0,97903.0
910,D,443,97903,97898.0,97903,12.0,6063.0,81287.0
AVG,AVG,443,97903,49015.9,97903,20.2,6439.0,21203.3
911,S,838,350703,178988.0,350703,13.0,13711.0,9313.0
912,S,838,350703,169331.0,350703,12.0,13791.0,10544.0
913,S,838,350703,172063.0,350703,9.0,13696.0,8580.0
914,S,838,350703,175617.0,350703,13.0,13733.0,8968.0
915,S,838,350703,176550.0,350703,10.0,13702.0,8489.0
916,S,838,350703,169315.0,350703,16.0,13755.0,8590.0
917,S,838,350703,174232.0,350703,14.0,13729.0,8442.0
918,S,838,350703,178276.0,350703,16.0,13735.0,9777.0
919,A,838,350703,837.0,350703,16.0,14348.0,350703.0
920,D,838,350703,350634.0,350703,7.0,13011.0,242474.0
AVG,AVG,838,350703,174584.0,350703,12.6,13721.1,66588.0
921,S,76,2850,1531.0,2850,47.0,716.0,606.0
922,S,76,2850,1340.0,2850,46.0,720.0,406.0
923,S,76,2850,1710.0,2850,54.0,720.0,462.0
924,S,76,2850,1472.0,2850,44.0,720.0,470.0
925,S,76,2850,1380.0,2850,43.0,731.0,423.0
926,S,76,2850,1250.0,2850,44.0,723.0,493.0
927,S,76,2850,1453.0,2850,48.0,722.0,414.0
928,S,76,2850,1442.0,2850,44.0,730.0,396.0
929,A,76,2850,75.0,2850,46.0,760.0,2850.0
930,D,76,2850,2849.0,2850,44.0,656.0,2740.0
AVG,AVG,76,2850,1450.2,2850,46.0,719.8,926.0
931,S,770,296065,145169.0,296065,6.0,12387.0,9156.0
932,S,770,296065,143705.0,296065,8.0,12469.0,7231.0
933,S,770,296065,153274.0,296065,6.0,12453.0,8051.0
934,S,770,296065,153567.0,296065,6.0,12434.0,8435.0
935,S,770,296065,148016.0,296065,7.0,12416.0,8021.0
936,S,770,296065,147812.0,296065,8.0,12436.0,8576.0
937,S,770,296065,147342.0,296065,8.0,12402.0,7446.0
938,S,770,296065,145450.0,296065,6.0,12429.0,8754.0
939,A,770,296065,769.0,296065,7.0,13021.0,296065.0
940,D,770,296065,295999.0,296065,5.0,11746.0,212995.0
AVG,AVG,770,296065,148110.0,296065,6.7,12419.3,57473.0
941,S,641,205120,104224.0,205120,5.0,9983.0,6210.0
942,S,641,205120,99264.0,205120,6.0,9999.0,6046.0
943,S,641,205120,103684.0,205120,6.0,10016.0,6117.0
944,S,641,205120,107560.0,205120,3.0,9989.0,7534.0
945,S,641,205120,106288.0,205120,3.0,10001.0,6504.0
946,S,641,205120,109565.0,205120,2.0,9953.0,6059.0
947,S,641,205120,101972.0,205120,4.0,10016.0,7642.0
948,S,641,205120,104055.0,205120,2.0,9994.0,6107.0
949,A,641,205120,640.0,205120,4.0,10487.0,205120.0
950,D,641,205120,205078.0,205120,2.0,9445.0,158529.0
AVG,AVG,641,205120,104233.0,205120,3.7,9988.3,41586.8
951,S,875,382375,192502.0,382375,13.0,14431.0,9519.0
952,S,875,382375,194821.0,382375,27.0,14399.0,8904.0
953,S,875,382375,193973.0,382375,29.0,14411.0,9075.0
954,S,875,382375,193866.0,382375,17.0,14460.0,9859.0
955,S,875,382375,198021.0,382375,15.0,14410.0,9738.0
956,S,875,382375,186045.0,382375,17.0,14423.0,8749.0
957,S,875,382375,188701.0,382375,27.0,14501.0,9564.0
958,S,875,382375,188932.0,382375,16.0,14447.0,8189.0
959,A,875,382375,874.0,382375,19.0,15096.0,382375.0
960,D,875,382375,382298.0,382375,15.0,13682.0,268548.0
AVG,AVG,875,382375,192003.0,382375,19.5,14426.0,72452.0
961,S,886,392055,193542.0,392055,19.0,14599.0,9674.0
962,S,886,392055,193314.0,392055,30.0,14655.0,9394.0
963,S,886,392055,192509.0,392055,29.0,14639.0,10516.0
964,S,886,392055,199229.0,392055,43.0,14695.0,9454.0
965,S,886,392055,201482.0,392055,17.0,14597.0,9526.0
966,S,886,392055,199270.0,392055,31.0,14656.0,9973.0
967,S,886,392055,193429.0,392055,17.0,14715.0,9676.0
968,S,886,392055,197485.0,392055,19.0,14661.0,9030.0
969,A,886,392055,885.0,392055,22.0,15302.0,392055.0
970,D,886,392055,391959.0,392055,52.0,13894.0,281121.0
AVG,AVG,886,392055,196310.0,392055,27.9,14641.3,75041.9
971,S,322,51681,26398.0,51681,6.0,4388.0,2766.0
972,S,322,51681,25984.0,51681,5.0,4387.0,3032.0
973,S,322,51681,27499.0,51681,9.0,4371.0,2869.0
974,S,322,51681,26019.0,51681,4.0,4400.0,3023.0
975,S,322,51681,26471.0,51681,4.0,4373.0,2855.0
976,S,322,51681,25855.0,51681,7.0,4418.0,2900.0
977,S,322,51681,25211.0,51681,5.0,4370.0,3172.0
978,S,322,51681,25966.0,51681,8.0,4395.0,3155.0
979,A,322,51681,321.0,51681,8.0,4611.0,51681.0
980,D,322,51681,51675.0,51681,4.0,4099.0,44557.0
AVG,AVG,322,51681,26139.9,51681,6.0,4381.2,12001.0
981,S,736,270480,135204.0,270480,292.0,11833.0,6893.0
982,S,736,270480,135638.0,270480,295.0,11758.0,7738.0
983,S,736,270480,136512.0,270480,294.0,11786.0,7057.0
984,S,736,270480,137338.0,270480,291.0,11807.0,7063.0
985,S,736,270480,130345.0,270480,248.0,11801.0,7403.0
986,S,736,270480,139075.0,270480,252.0,11805.0,7301.0
987,S,736,270480,138080.0,270480,294.0,11815.0,6974.0
988,S,736,270480,134975.0,270480,294.0,11797.0,7570.0
989,A,736,270480,735.0,270480,298.0,12354.0,270480.0
990,D,736,270480,270417.0,270480,251.0,11125.0,191647.0
AVG,AVG,736,270480,135832.0,270480,280.9,11788.1,52012.6
991,S,700,244650,129498.0,244650,79.0,11118.0,7298.0
992,S,700,244650,121610.0,244650,78.0,11096.0,7057.0
993,S,700,244650,118331.0,244650,79.0,11151.0,8150.0
994,S,700,244650,126098.0,244650,83.0,11100.0,7557.0
995,S,700,244650,117414.0,244650,76.0,11136.0,7479.0
996,S,700,244650,120015.0,244650,75.0,11106.0,7290.0
997,S,700,244650,126796.0,244650,75.0,11120.0,6945.0
998,S,700,244650,124866.0,244650,76.0,11141.0,6486.0
999,A,700,244650,699.0,244650,80.0,11652.0,244650.0
1000,D,700,244650,244589.0,244650,75.0,10510.0,187366.0
AVG,AVG,700,244650,122992.0,244650,77.6,11113.0,49027.8
