Array_No,Type,Size,Comparisons,Swaps
1,S,399,5690,3095
2,S,399,5690,3098
3,S,399,5677,3102
4,S,399,5716,3117
5,S,399,5698,3106
6,S,399,5709,3125
7,S,399,5727,3138
8,S,399,5670,3097
9,A,399,5959,3336
10,D,399,5366,2817
AVG,AVG,399,5690.2,3103.1
11,S,454,6602,3585
12,S,454,6651,3646
13,S,454,6655,3621
14,S,454,6635,3614
15,S,454,6639,3617
16,S,454,6649,3617
17,S,454,6660,3629
18,S,454,6635,3621
19,A,454,6928,3880
20,D,454,6253,3302
AVG,AVG,454,6630.7,3613.2
21,S,262,3408,1884
22,S,262,3414,1875
23,S,262,3409,1870
24,S,262,3405,1876
25,S,262,3380,1866
26,S,262,3409,1870
27,S,262,3424,1892
28,S,262,3409,1888
29,A,262,3558,2032
30,D,262,3190,1688
AVG,AVG,262,3400.6,1874.1
31,S,595,9172,4954
32,S,595,9091,4921
33,S,595,9167,4955
34,S,595,9166,5009
35,S,595,9163,4973
36,S,595,9158,4972
37,S,595,9144,4963
38,S,595,9148,4969
39,A,595,9582,5325
40,D,595,8637,4526
AVG,AVG,595,9142.8,4956.7
41,S,759,12226,6607
42,S,759,12253,6620
43,S,759,12235,6621
44,S,759,12269,6628
45,S,759,12183,6580
46,S,759,12181,6605
47,S,759,12243,6607
48,S,759,12225,6610
49,A,759,12792,7086
50,D,759,11541,6039
AVG,AVG,759,12214.8,6600.3
51,S,896,14870,8014
52,S,896,14877,8042
53,S,896,14897,8043
54,S,896,14831,7998
55,S,896,14837,8024
56,S,896,14847,8015
57,S,896,14816,7999
58,S,896,14875,8030
59,A,896,15493,8548
60,D,896,14056,7339
AVG,AVG,896,14839.9,8005.2
61,S,940,15737,8480
62,S,940,15716,8508
63,S,940,15676,8441
64,S,940,15653,8403
65,S,940,15679,8449
66,S,940,15680,8448
67,S,940,15716,8480
68,S,940,15717,8459
69,A,940,16341,9000
70,D,940,14900,7788
AVG,AVG,940,15681.5,8445.6
71,S,805,13090,7077
72,S,805,13039,7030
73,S,805,13107,7067
74,S,805,13069,7042
75,S,805,13122,7077
76,S,805,13063,7046
77,S,805,13124,7110
78,S,805,13140,7091
79,A,805,13709,7583
80,D,805,12384,6515
AVG,AVG,805,13084.7,7063.8
81,S,928,15430,8335
82,S,928,15468,8341
83,S,928,15433,8339
84,S,928,15468,8369
85,S,928,15509,8367
86,S,928,15512,8358
87,S,928,15505,8382
88,S,928,15482,8358
89,A,928,16120,8906
90,D,928,14672,7654
AVG,AVG,928,15459.9,8340.9
91,S,62,555,319
92,S,62,556,319
93,S,62,544,314
94,S,62,542,309
95,S,62,548,317
96,S,62,554,321
97,S,62,541,308
98,S,62,550,318
99,A,62,571,351
100,D,62,507,275
AVG,AVG,62,546.8,315.1
101,S,592,9126,4958
102,S,592,9093,4947
103,S,592,9092,4927
104,S,592,9092,4940
105,S,592,9096,4949
106,S,592,9073,4917
107,S,592,9125,4956
108,S,592,9145,4956
109,A,592,9531,5297
110,D,592,8587,4502
AVG,AVG,592,9096,4934.9
111,S,902,14942,8064
112,S,902,14962,8063
113,S,902,14924,8044
114,S,902,14947,8046
115,S,902,15006,8091
116,S,902,14944,8045
117,S,902,14983,8106
118,S,902,14962,8082
119,A,902,15595,8591
120,D,902,14213,7405
AVG,AVG,902,14947.8,8053.7
121,S,119,1285,719
122,S,119,1261,717
123,S,119,1275,723
124,S,119,1270,719
125,S,119,1291,718
126,S,119,1286,723
127,S,119,1267,714
128,S,119,1273,717
129,A,119,1338,790
130,D,119,1187,635
AVG,AVG,119,1273.3,717.5
131,S,881,14598,7873
132,S,881,14598,7883
133,S,881,14543,7844
134,S,881,14576,7873
135,S,881,14559,7873
136,S,881,14539,7864
137,S,881,14520,7860
138,S,881,14553,7835
139,A,881,15199,8394
140,D,881,13808,7227
AVG,AVG,881,14549.3,7852.6
141,S,399,5674,3103
142,S,399,5688,3101
143,S,399,5687,3101
144,S,399,5688,3102
145,S,399,5716,3141
146,S,399,5679,3099
147,S,399,5682,3109
148,S,399,5714,3115
149,A,399,5961,3351
150,D,399,5375,2815
AVG,AVG,399,5686.4,3103.7
151,S,496,7364,4011
152,S,496,7362,4003
153,S,496,7340,4002
154,S,496,7339,3995
155,S,496,7388,4018
156,S,496,7356,3996
157,S,496,7372,4020
158,S,496,7397,4023
159,A,496,7663,4291
160,D,496,6943,3648
AVG,AVG,496,7352.4,4000.7
161,S,534,8074,4393
162,S,534,8047,4374
163,S,534,8014,4348
164,S,534,8055,4374
165,S,534,7991,4334
166,S,534,8078,4392
167,S,534,8060,4374
168,S,534,8047,4363
169,A,534,8386,4684
170,D,534,7586,3998
AVG,AVG,534,8033.8,4363.4
171,S,605,9320,5067
172,S,605,9347,5066
173,S,605,9299,5046
174,S,605,9312,5035
175,S,605,9359,5075
176,S,605,9346,5068
177,S,605,9354,5090
178,S,605,9326,5071
179,A,605,9777,5452
180,D,605,8810,4634
AVG,AVG,605,9325,5060.4
181,S,221,2775,1553
182,S,221,2798,1553
183,S,221,2787,1547
184,S,221,2776,1543
185,S,221,2777,1533
186,S,221,2785,1541
187,S,221,2752,1526
188,S,221,2802,1559
189,A,221,2907,1662
190,D,221,2587,1380
AVG,AVG,221,2774.6,1539.7
191,S,759,12234,6613
192,S,759,12187,6565
193,S,759,12259,6661
194,S,759,12218,6583
195,S,759,12182,6565
196,S,759,12195,6597
197,S,759,12224,6584
198,S,759,12244,6606
199,A,759,12800,7069
200,D,759,11568,6060
AVG,AVG,759,12211.1,6590.3
201,S,411,5868,3181
202,S,411,5912,3235
203,S,411,5852,3195
204,S,411,5900,3224
205,S,411,5883,3213
206,S,411,5896,3221
207,S,411,5888,3225
208,S,411,5871,3193
209,A,411,6159,3450
210,D,411,5529,2898
AVG,AVG,411,5875.8,3203.5
211,S,190,2291,1279
212,S,190,2297,1270
213,S,190,2302,1273
214,S,190,2312,1287
215,S,190,2324,1291
216,S,190,2302,1273
217,S,190,2297,1270
218,S,190,2300,1278
219,A,190,2424,1400
220,D,190,2148,1138
AVG,AVG,190,2299.7,1275.9
221,S,838,13711,7374
222,S,838,13740,7408
223,S,838,13751,7420
224,S,838,13784,7440
225,S,838,13706,7388
226,S,838,13707,7384
227,S,838,13714,7396
228,S,838,13758,7416
229,A,838,14347,7914
230,D,838,12996,6764
AVG,AVG,838,13721.4,7390.4
231,S,305,4118,2259
232,S,305,4105,2248
233,S,305,4104,2270
234,S,305,4086,2255
235,S,305,4081,2246
236,S,305,4088,2230
237,S,305,4109,2256
238,S,305,4099,2238
239,A,305,4315,2449
240,D,305,3846,2036
AVG,AVG,305,4095.1,2248.7
241,S,343,4771,2607
242,S,343,4725,2571
243,S,343,4724,2599
244,S,343,4732,2585
245,S,343,4731,2594
246,S,343,4750,2601
247,S,343,4762,2607
248,S,343,4743,2604
249,A,343,4977,2812
250,D,343,4437,2336
AVG,AVG,343,4735.2,2591.6
251,S,375,5285,2884
252,S,375,5280,2875
253,S,375,5317,2914
254,S,375,5271,2869
255,S,375,5292,2896
256,S,375,5283,2885
257,S,375,5262,2861
258,S,375,5263,2871
259,A,375,5530,3102
260,D,375,4958,2614
AVG,AVG,375,5274.1,2877.1
261,S,245,3110,1703
262,S,245,3126,1714
263,S,245,3138,1733
264,S,245,3115,1725
265,S,245,3158,1743
266,S,245,3138,1720
267,S,245,3155,1735
268,S,245,3157,1741
269,A,245,3278,1870
270,D,245,2934,1556
AVG,AVG,245,3130.9,1724
271,S,129,1416,797
272,S,129,1408,788
273,S,129,1395,790
274,S,129,1433,803
275,S,129,1421,804
276,S,129,1421,788
277,S,129,1401,777
278,S,129,1421,803
279,A,129,1474,864
280,D,129,1309,703
AVG,AVG,129,1409.9,791.7
281,S,985,16557,8922
282,S,985,16505,8883
283,S,985,16585,8925
284,S,985,16530,8898
285,S,985,16561,8915
286,S,985,16519,8917
287,S,985,16549,8907
288,S,985,16606,8947
289,A,985,17249,9490
290,D,985,15726,8218
AVG,AVG,985,16538.7,8902.2
291,S,604,9315,5050
292,S,604,9335,5055
293,S,604,9328,5060
294,S,604,9309,5056
295,S,604,9317,5078
296,S,604,9335,5057
297,S,604,9324,5083
298,S,604,9282,5032
299,A,604,9768,5431
300,D,604,8802,4613
AVG,AVG,604,9311.5,5051.5
301,S,92,933,534
302,S,92,920,515
303,S,92,916,512
304,S,92,929,531
305,S,92,926,526
306,S,92,918,524
307,S,92,929,522
308,S,92,919,524
309,A,92,974,573
310,D,92,857,466
AVG,AVG,92,922.1,522.7
311,S,853,13993,7563
312,S,853,14037,7565
313,S,853,14018,7559
314,S,853,14026,7578
315,S,853,14027,7549
316,S,853,14020,7567
317,S,853,13995,7557
318,S,853,14062,7570
319,A,853,14658,8097
320,D,853,13284,6985
AVG,AVG,853,14012,7559
321,S,439,6382,3489
322,S,439,6380,3479
323,S,439,6349,3476
324,S,439,6347,3450
325,S,439,6366,3455
326,S,439,6381,3489
327,S,439,6387,3498
328,S,439,6309,3421
329,A,439,6665,3729
330,D,439,6003,3155
AVG,AVG,439,6356.9,3464.1
331,S,166,1947,1087
332,S,166,1944,1084
333,S,166,1933,1076
334,S,166,1957,1100
335,S,166,1945,1074
336,S,166,1948,1095
337,S,166,1953,1093
338,S,166,1941,1084
339,A,166,2053,1186
340,D,166,1807,964
AVG,AVG,166,1942.8,1084.3
341,S,775,12572,6813
342,S,775,12511,6759
343,S,775,12548,6763
344,S,775,12567,6815
345,S,775,12578,6788
346,S,775,12546,6760
347,S,775,12539,6783
348,S,775,12498,6761
349,A,775,13102,7227
350,D,775,11812,6189
AVG,AVG,775,12527.3,6765.8
351,S,982,16490,8870
352,S,982,16530,8938
353,S,982,16540,8908
354,S,982,16487,8879
355,S,982,16501,8894
356,S,982,16550,8912
357,S,982,16537,8913
358,S,982,16528,8908
359,A,982,17194,9451
360,D,982,15638,8136
AVG,AVG,982,16499.5,8880.9
361,S,394,5576,3054
362,S,394,5601,3078
363,S,394,5624,3064
364,S,394,5578,3045
365,S,394,5625,3073
366,S,394,5608,3073
367,S,394,5614,3066
368,S,394,5595,3064
369,A,394,5876,3299
370,D,394,5248,2774
AVG,AVG,394,5594.5,3059
371,S,815,13284,7157
372,S,815,13291,7173
373,S,815,13383,7253
374,S,815,13320,7184
375,S,815,13267,7165
376,S,815,13288,7160
377,S,815,13279,7165
378,S,815,13298,7174
379,A,815,13899,7683
380,D,815,12565,6573
AVG,AVG,815,13287.4,7168.7
381,S,904,15013,8080
382,S,904,14967,8074
383,S,904,14946,8047
384,S,904,15003,8108
385,S,904,14997,8098
386,S,904,15024,8119
387,S,904,15036,8127
388,S,904,15008,8083
389,A,904,15665,8646
390,D,904,14217,7415
AVG,AVG,904,14987.6,8079.7
391,S,394,5596,3063
392,S,394,5570,3035
393,S,394,5637,3085
394,S,394,5583,3054
395,S,394,5622,3077
396,S,394,5603,3047
397,S,394,5659,3090
398,S,394,5585,3042
399,A,394,5869,3294
400,D,394,5240,2773
AVG,AVG,394,5596.4,3056
401,S,914,15186,8191
402,S,914,15175,8185
403,S,914,15179,8188
404,S,914,15217,8205
405,S,914,15231,8224
406,S,914,15197,8182
407,S,914,15188,8183
408,S,914,15212,8201
409,A,914,15842,8732
410,D,914,14442,7536
AVG,AVG,914,15186.9,8182.7
411,S,738,11852,6414
412,S,738,11868,6420
413,S,738,11844,6403
414,S,738,11812,6401
415,S,738,11859,6424
416,S,738,11850,6397
417,S,738,11801,6383
418,S,738,11807,6400
419,A,738,12381,6848
420,D,738,11187,5840
AVG,AVG,738,11826.1,6393
421,S,159,1837,1026
422,S,159,1849,1037
423,S,159,1844,1021
424,S,159,1829,1019
425,S,159,1846,1022
426,S,159,1840,1017
427,S,159,1830,1018
428,S,159,1836,1031
429,A,159,1943,1126
430,D,159,1707,918
AVG,AVG,159,1836.1,1023.5
431,S,737,11921,6465
432,S,737,11804,6386
433,S,737,11823,6373
434,S,737,11795,6382
435,S,737,11800,6393
436,S,737,11887,6441
437,S,737,11774,6367
438,S,737,11834,6391
439,A,737,12375,6855
440,D,737,11113,5835
AVG,AVG,737,11812.6,6388.8
441,S,585,8956,4848
442,S,585,9021,4915
443,S,585,8960,4851
444,S,585,8969,4884
445,S,585,8981,4883
446,S,585,8997,4868
447,S,585,8971,4883
448,S,585,8959,4869
449,A,585,9385,5231
450,D,585,8460,4430
AVG,AVG,585,8965.9,4866.2
451,S,814,13292,7187
452,S,814,13292,7173
453,S,814,13319,7201
454,S,814,13273,7171
455,S,814,13281,7195
456,S,814,13294,7184
457,S,814,13276,7164
458,S,814,13271,7156
459,A,814,13893,7680
460,D,814,12586,6573
AVG,AVG,814,13277.7,7168.4
461,S,218,2734,1503
462,S,218,2713,1496
463,S,218,2743,1508
464,S,218,2711,1496
465,S,218,2722,1499
466,S,218,2714,1492
467,S,218,2733,1518
468,S,218,2749,1518
469,A,218,2852,1631
470,D,218,2540,1347
AVG,AVG,218,2721.1,1500.8
471,S,890,14686,7928
472,S,890,14718,7933
473,S,890,14764,7988
474,S,890,14752,7973
475,S,890,14676,7897
476,S,890,14737,7950
477,S,890,14732,7950
478,S,890,14753,7976
479,A,890,15397,8505
480,D,890,13970,7269
AVG,AVG,890,14718.5,7936.9
481,S,411,5930,3246
482,S,411,5893,3221
483,S,411,5918,3224
484,S,411,5898,3226
485,S,411,5866,3208
486,S,411,5890,3201
487,S,411,5896,3220
488,S,411,5899,3227
489,A,411,6170,3463
490,D,411,5537,2900
AVG,AVG,411,5889.7,3213.6
491,S,359,4987,2726
492,S,359,5011,2737
493,S,359,5008,2742
494,S,359,5006,2746
495,S,359,5012,2732
496,S,359,5025,2751
497,S,359,5019,2764
498,S,359,4992,2740
499,A,359,5254,2957
500,D,359,4688,2462
AVG,AVG,359,5000.2,2735.7
501,S,283,3738,2045
502,S,283,3756,2067
503,S,283,3729,2032
504,S,283,3755,2059
505,S,283,3770,2076
506,S,283,3761,2067
507,S,283,3767,2073
508,S,283,3771,2070
509,A,283,3919,2219
510,D,283,3512,1858
AVG,AVG,283,3747.8,2056.6
511,S,317,4292,2354
512,S,317,4285,2353
513,S,317,4316,2368
514,S,317,4286,2345
515,S,317,4289,2357
516,S,317,4324,2364
517,S,317,4297,2343
518,S,317,4339,2378
519,A,317,4515,2552
520,D,317,4039,2124
AVG,AVG,317,4298.2,2353.8
521,S,579,8848,4800
522,S,579,8850,4819
523,S,579,8875,4809
524,S,579,8849,4797
525,S,579,8871,4800
526,S,579,8855,4799
527,S,579,8863,4835
528,S,579,8869,4835
529,A,579,9265,5157
530,D,579,8370,4392
AVG,AVG,579,8851.5,4804.3
531,S,895,14840,7987
532,S,895,14823,7996
533,S,895,14860,8015
534,S,895,14817,7985
535,S,895,14801,7988
536,S,895,14858,8037
537,S,895,14840,8010
538,S,895,14803,7978
539,A,895,15476,8546
540,D,895,14059,7343
AVG,AVG,895,14817.7,7988.5
541,S,168,1973,1099
542,S,168,1977,1103
543,S,168,1999,1108
544,S,168,1959,1096
545,S,168,1971,1101
546,S,168,1974,1093
547,S,168,1977,1099
548,S,168,1980,1103
549,A,168,2081,1200
550,D,168,1831,979
AVG,AVG,168,1972.2,1098.1
551,S,200,2435,1348
552,S,200,2428,1345
553,S,200,2452,1348
554,S,200,2452,1357
555,S,200,2458,1369
556,S,200,2460,1366
557,S,200,2435,1360
558,S,200,2442,1351
559,A,200,2577,1479
560,D,200,2280,1207
AVG,AVG,200,2441.9,1353
561,S,358,5026,2759
562,S,358,5008,2728
563,S,358,4977,2716
564,S,358,4971,2704
565,S,358,4993,2738
566,S,358,5013,2747
567,S,358,5028,2765
568,S,358,4987,2735
569,A,358,5242,2946
570,D,358,4670,2485
AVG,AVG,358,4991.5,2732.3
571,S,604,9321,5020
572,S,604,9325,5050
573,S,604,9326,5061
574,S,604,9316,5058
575,S,604,9314,5062
576,S,604,9285,5048
577,S,604,9338,5052
578,S,604,9301,5048
579,A,604,9758,5405
580,D,604,8796,4602
AVG,AVG,604,9308,5040.6
581,S,342,4729,2596
582,S,342,4721,2584
583,S,342,4701,2571
584,S,342,4737,2618
585,S,342,4738,2590
586,S,342,4708,2577
587,S,342,4711,2583
588,S,342,4697,2583
589,A,342,4956,2787
590,D,342,4409,2337
AVG,AVG,342,4710.7,2582.6
591,S,464,6799,3721
592,S,464,6829,3734
593,S,464,6783,3713
594,S,464,6799,3702
595,S,464,6787,3677
596,S,464,6795,3701
597,S,464,6775,3689
598,S,464,6811,3708
599,A,464,7115,3995
600,D,464,6416,3376
AVG,AVG,464,6790.9,3701.6
601,S,231,2908,1600
602,S,231,2941,1623
603,S,231,2922,1613
604,S,231,2924,1615
605,S,231,2915,1602
606,S,231,2896,1595
607,S,231,2934,1624
608,S,231,2909,1604
609,A,231,3061,1756
610,D,231,2744,1459
AVG,AVG,231,2915.4,1609.1
611,S,688,10870,5887
612,S,688,10853,5840
613,S,688,10902,5906
614,S,688,10916,5936
615,S,688,10887,5899
616,S,688,10866,5892
617,S,688,10918,5883
618,S,688,10920,5915
619,A,688,11397,6334
620,D,688,10295,5392
AVG,AVG,688,10882.4,5888.4
621,S,324,4457,2450
622,S,324,4408,2409
623,S,324,4420,2438
624,S,324,4422,2427
625,S,324,4423,2436
626,S,324,4452,2444
627,S,324,4408,2414
628,S,324,4374,2405
629,A,324,4639,2609
630,D,324,4150,2197
AVG,AVG,324,4415.3,2422.9
631,S,965,16135,8702
632,S,965,16128,8666
633,S,965,16182,8715
634,S,965,16197,8742
635,S,965,16191,8711
636,S,965,16210,8731
637,S,965,16195,8709
638,S,965,16171,8709
639,A,965,16863,9297
640,D,965,15344,8044
AVG,AVG,965,16161.6,8702.6
641,S,649,10166,5497
642,S,649,10160,5506
643,S,649,10139,5476
644,S,649,10183,5544
645,S,649,10118,5479
646,S,649,10129,5467
647,S,649,10163,5505
648,S,649,10155,5496
649,A,649,10646,5906
650,D,649,9596,5035
AVG,AVG,649,10145.5,5491.1
651,S,254,3276,1807
652,S,254,3284,1815
653,S,254,3265,1796
654,S,254,3249,1784
655,S,254,3279,1808
656,S,254,3248,1791
657,S,254,3299,1817
658,S,254,3259,1790
659,A,254,3410,1945
660,D,254,3058,1623
AVG,AVG,254,3262.7,1797.6
661,S,251,3223,1768
662,S,251,3220,1782
663,S,251,3205,1758
664,S,251,3244,1785
665,S,251,3226,1782
666,S,251,3208,1762
667,S,251,3226,1788
668,S,251,3236,1786
669,A,251,3373,1922
670,D,251,3024,1608
AVG,AVG,251,3218.5,1774.1
671,S,999,16863,9107
672,S,999,16842,9088
673,S,999,16814,9058
674,S,999,16826,9034
675,S,999,16842,9074
676,S,999,16843,9084
677,S,999,16805,9028
678,S,999,16844,9055
679,A,999,17521,9645
680,D,999,15953,8313
AVG,AVG,999,16815.3,9048.6
681,S,265,3454,1901
682,S,265,3450,1908
683,S,265,3455,1881
684,S,265,3449,1890
685,S,265,3446,1892
686,S,265,3420,1879
687,S,265,3463,1908
688,S,265,3460,1912
689,A,265,3612,2053
690,D,265,3230,1707
AVG,AVG,265,3443.9,1893.1
691,S,906,15056,8121
692,S,906,15026,8112
693,S,906,15023,8103
694,S,906,15040,8106
695,S,906,15062,8116
696,S,906,15062,8122
697,S,906,15088,8146
698,S,906,15034,8094
699,A,906,15699,8666
700,D,906,14295,7452
AVG,AVG,906,15038.5,8103.8
701,S,575,8779,4757
702,S,575,8810,4793
703,S,575,8789,4784
704,S,575,8745,4736
705,S,575,8773,4758
706,S,575,8762,4761
707,S,575,8778,4777
708,S,575,8779,4769
709,A,575,9190,5110
710,D,575,8281,4337
AVG,AVG,575,8768.6,4758.2
711,S,944,15707,8425
712,S,944,15747,8501
713,S,944,15759,8481
714,S,944,15769,8520
715,S,944,15764,8486
716,S,944,15736,8456
717,S,944,15759,8487
718,S,944,15810,8550
719,A,944,16434,9064
720,D,944,14941,7783
AVG,AVG,944,15742.6,8475.3
721,S,848,13949,7524
722,S,848,13966,7528
723,S,848,13875,7478
724,S,848,13891,7484
725,S,848,13922,7532
726,S,848,13971,7554
727,S,848,13899,7519
728,S,848,13879,7464
729,A,848,14571,8056
730,D,848,13168,6863
AVG,AVG,848,13909.1,7500.2
731,S,527,7898,4289
732,S,527,7894,4297
733,S,527,7892,4293
734,S,527,7873,4283
735,S,527,7899,4278
736,S,527,7903,4310
737,S,527,7915,4320
738,S,527,7890,4281
739,A,527,8255,4608
740,D,527,7469,3924
AVG,AVG,527,7888.8,4288.3
741,S,753,12105,6540
742,S,753,12103,6528
743,S,753,12167,6580
744,S,753,12109,6561
745,S,753,12101,6547
746,S,753,12084,6518
747,S,753,12078,6518
748,S,753,12103,6526
749,A,753,12698,7045
750,D,753,11446,6016
AVG,AVG,753,12099.4,6537.9
751,S,656,10309,5570
752,S,656,10278,5564
753,S,656,10295,5584
754,S,656,10271,5558
755,S,656,10304,5581
756,S,656,10302,5574
757,S,656,10285,5571
758,S,656,10309,5570
759,A,656,10773,5992
760,D,656,9703,5076
AVG,AVG,656,10282.9,5564
761,S,812,13261,7140
762,S,812,13228,7140
763,S,812,13254,7152
764,S,812,13243,7134
765,S,812,13240,7148
766,S,812,13194,7105
767,S,812,13237,7135
768,S,812,13220,7157
769,A,812,13844,7669
770,D,812,12503,6530
AVG,AVG,812,13222.4,7131
771,S,517,7719,4191
772,S,517,7680,4168
773,S,517,7721,4208
774,S,517,7690,4184
775,S,517,7720,4174
776,S,517,7741,4202
777,S,517,7747,4214
778,S,517,7776,4234
779,A,517,8053,4499
780,D,517,7274,3822
AVG,AVG,517,7712.1,4189.6
781,S,687,10875,5905
782,S,687,10891,5913
783,S,687,10868,5879
784,S,687,10890,5905
785,S,687,10873,5866
786,S,687,10817,5849
787,S,687,10885,5885
788,S,687,10847,5856
789,A,687,11387,6311
790,D,687,10271,5386
AVG,AVG,687,10860.4,5875.5
791,S,123,1326,748
792,S,123,1338,746
793,S,123,1330,747
794,S,123,1338,751
795,S,123,1328,753
796,S,123,1338,757
797,S,123,1334,755
798,S,123,1327,745
799,A,123,1391,817
800,D,123,1230,660
AVG,AVG,123,1328,747.9
801,S,367,5141,2787
802,S,367,5141,2806
803,S,367,5127,2810
804,S,367,5123,2779
805,S,367,5149,2803
806,S,367,5145,2816
807,S,367,5150,2815
808,S,367,5154,2827
809,A,367,5404,3029
810,D,367,4841,2540
AVG,AVG,367,5137.5,2801.2
811,S,103,1063,597
812,S,103,1075,613
813,S,103,1058,599
814,S,103,1087,622
815,S,103,1075,612
816,S,103,1057,600
817,S,103,1067,604
818,S,103,1067,594
819,A,103,1119,666
820,D,103,985,531
AVG,AVG,103,1065.3,603.8
821,S,204,2499,1374
822,S,204,2522,1400
823,S,204,2533,1399
824,S,204,2522,1394
825,S,204,2509,1398
826,S,204,2493,1386
827,S,204,2501,1384
828,S,204,2489,1368
829,A,204,2636,1513
830,D,204,2342,1246
AVG,AVG,204,2504.6,1386.2
831,S,633,9854,5344
832,S,633,9822,5314
833,S,633,9863,5342
834,S,633,9838,5336
835,S,633,9830,5327
836,S,633,9847,5317
837,S,633,9879,5366
838,S,633,9818,5298
839,A,633,10326,5731
840,D,633,9313,4893
AVG,AVG,633,9839,5326.8
841,S,507,7531,4094
842,S,507,7569,4121
843,S,507,7549,4112
844,S,507,7576,4120
845,S,507,7548,4108
846,S,507,7539,4108
847,S,507,7568,4096
848,S,507,7505,4091
849,A,507,7874,4395
850,D,507,7124,3736
AVG,AVG,507,7538.3,4098.1
851,S,206,2539,1403
852,S,206,2539,1411
853,S,206,2546,1422
854,S,206,2542,1417
855,S,206,2535,1399
856,S,206,2545,1420
857,S,206,2562,1412
858,S,206,2530,1393
859,A,206,2671,1528
860,D,206,2372,1262
AVG,AVG,206,2538.1,1406.7
861,S,541,8140,4410
862,S,541,8208,4479
863,S,541,8164,4447
864,S,541,8120,4409
865,S,541,8152,4442
866,S,541,8168,4448
867,S,541,8177,4460
868,S,541,8150,4417
869,A,541,8517,4756
870,D,541,7707,4058
AVG,AVG,541,8150.3,4432.6
871,S,638,9961,5410
872,S,638,9963,5393
873,S,638,9944,5381
874,S,638,9966,5410
875,S,638,9967,5403
876,S,638,9979,5407
877,S,638,9963,5412
878,S,638,9945,5380
879,A,638,10437,5810
880,D,638,9438,4927
AVG,AVG,638,9956.3,5393.3
881,S,268,3507,1907
882,S,268,3477,1918
883,S,268,3518,1932
884,S,268,3520,1947
885,S,268,3498,1925
886,S,268,3490,1923
887,S,268,3488,1904
888,S,268,3495,1936
889,A,268,3667,2086
890,D,268,3275,1738
AVG,AVG,268,3493.5,1921.6
891,S,997,16829,9091
892,S,997,16797,9052
893,S,997,16782,9044
894,S,997,16732,9006
895,S,997,16797,9078
896,S,997,16814,9070
897,S,997,16828,9055
898,S,997,16804,9067
899,A,997,17478,9650
900,D,997,15951,8344
AVG,AVG,997,16781.2,9045.7
901,S,443,6464,3522
902,S,443,6466,3547
903,S,443,6452,3519
904,S,443,6438,3518
905,S,443,6444,3509
906,S,443,6475,3516
907,S,443,6426,3509
908,S,443,6444,3508
909,A,443,6718,3757
910,D,443,6063,3187
AVG,AVG,443,6439,3509.2
911,S,838,13711,7427
912,S,838,13791,7473
913,S,838,13696,7394
914,S,838,13733,7404
915,S,838,13702,7395
916,S,838,13755,7438
917,S,838,13729,7384
918,S,838,13735,7415
919,A,838,14348,7931
920,D,838,13011,6775
AVG,AVG,838,13721.1,7403.6
921,S,76,716,410
922,S,76,720,414
923,S,76,720,409
924,S,76,720,411
925,S,76,731,419
926,S,76,723,423
927,S,76,722,412
928,S,76,730,414
929,A,76,760,452
930,D,76,656,359
AVG,AVG,76,719.8,412.3
931,S,770,12387,6695
932,S,770,12469,6761
933,S,770,12453,6721
934,S,770,12434,6738
935,S,770,12416,6681
936,S,770,12436,6712
937,S,770,12402,6688
938,S,770,12429,6726
939,A,770,13021,7200
940,D,770,11746,6109
AVG,AVG,770,12419.3,6703.1
941,S,641,9983,5408
942,S,641,9999,5433
943,S,641,10016,5422
944,S,641,9989,5391
945,S,641,10001,5427
946,S,641,9953,5380
947,S,641,10016,5426
948,S,641,9994,5406
949,A,641,10487,5823
950,D,641,9445,4961
AVG,AVG,641,9988.3,5407.7
951,S,875,14431,7779
952,S,875,14399,7754
953,S,875,14411,7784
954,S,875,14460,7808
955,S,875,14410,7758
956,S,875,14423,7802
957,S,875,14501,7830
958,S,875,14447,7791
959,A,875,15096,8314
960,D,875,13682,7149
AVG,AVG,875,14426,7776.9
961,S,886,14599,7889
962,S,886,14655,7911
963,S,886,14639,7869
964,S,886,14695,7902
965,S,886,14597,7870
966,S,886,14656,7906
967,S,886,14715,7920
968,S,886,14661,7905
969,A,886,15302,8435
970,D,886,13894,7239
AVG,AVG,886,14641.3,7884.6
971,S,322,4388,2399
972,S,322,4387,2422
973,S,322,4371,2391
974,S,322,4400,2422
975,S,322,4373,2415
976,S,322,4418,2422
977,S,322,4370,2397
978,S,322,4395,2413
979,A,322,4611,2612
980,D,322,4099,2171
AVG,AVG,322,4381.2,2406.4
981,S,736,11833,6404
982,S,736,11758,6360
983,S,736,11786,6374
984,S,736,11807,6374
985,S,736,11801,6391
986,S,736,11805,6380
987,S,736,11815,6372
988,S,736,11797,6371
989,A,736,12354,6829
990,D,736,11125,5821
AVG,AVG,736,11788.1,6367.6
991,S,700,11118,5999
992,S,700,11096,6018
993,S,700,11151,6037
994,S,700,11100,5999
995,S,700,11136,6035
996,S,700,11106,6019
997,S,700,11120,6011
998,S,700,11141,6041
999,A,700,11652,6467
1000,D,700,10510,5499
AVG,AVG,700,11113,6012.5
