Array_No,Type,Size,Passes,Comparisons,Shifts
1,S,399,398,40969,40573
2,S,399,398,40023,39630
3,S,399,398,41061,40668
4,S,399,398,40923,40532
5,S,399,398,39491,39099
6,S,399,398,38996,38602
7,S,399,398,40643,40256
8,S,399,398,38677,38283
9,A,399,398,398,0
10,D,399,398,79393,79329
AVG,AVG,399,398,40057.4,39697.2
11,S,454,453,56167,55724
12,S,454,453,50469,50022
13,S,454,453,51410,50962
14,S,454,453,50104,49652
15,S,454,453,53388,52938
16,S,454,453,51446,51002
17,S,454,453,53939,53491
18,S,454,453,52019,51568
19,A,454,453,453,0
20,D,454,453,102807,102709
AVG,AVG,454,453,52220.2,51806.8
21,S,262,261,16527,16272
22,S,262,261,16334,16082
23,S,262,261,17468,17211
24,S,262,261,17009,16753
25,S,262,261,17466,17210
26,S,262,261,18726,18470
27,S,262,261,17943,17688
28,S,262,261,16887,16630
29,A,262,261,261,0
30,D,262,261,34189,34155
AVG,AVG,262,261,17281,17047.1
31,S,595,594,90420,89834
32,S,595,594,92507,91920
33,S,595,594,88911,88323
34,S,595,594,86371,85788
35,S,595,594,90781,90193
36,S,595,594,89352,88762
37,S,595,594,90913,90324
38,S,595,594,86347,85760
39,A,595,594,594,0
40,D,595,594,176683,176553
AVG,AVG,595,594,89287.9,88745.7
41,S,759,758,140853,140100
42,S,759,758,145667,144916
43,S,759,758,141731,140977
44,S,759,758,148978,148223
45,S,759,758,147392,146643
46,S,759,758,141139,140385
47,S,759,758,142642,141893
48,S,759,758,146244,145489
49,A,759,758,758,0
50,D,759,758,287598,287371
AVG,AVG,759,758,144300,143600
51,S,896,895,195446,194556
52,S,896,895,199038,198149
53,S,896,895,198591,197701
54,S,896,895,199708,198814
55,S,896,895,199341,198449
56,S,896,895,202813,201926
57,S,896,895,200959,200069
58,S,896,895,201626,200736
59,A,896,895,895,0
60,D,896,895,400879,400584
AVG,AVG,896,895,199930,199098
61,S,940,939,223144,222211
62,S,940,939,217029,216096
63,S,940,939,219227,218299
64,S,940,939,234921,233989
65,S,940,939,214078,213141
66,S,940,939,214826,213896
67,S,940,939,219823,218890
68,S,940,939,218251,217320
69,A,940,939,939,0
70,D,940,939,441213,440876
AVG,AVG,940,939,220345,219472
71,S,805,804,167149,166354
72,S,805,804,162772,161977
73,S,805,804,160610,159812
74,S,805,804,169505,168710
75,S,805,804,159324,158529
76,S,805,804,165030,164229
77,S,805,804,156335,155538
78,S,805,804,161456,160656
79,A,805,804,804,0
80,D,805,804,323517,323255
AVG,AVG,805,804,162650,161906
81,S,928,927,214522,213598
82,S,928,927,221915,220994
83,S,928,927,218433,217511
84,S,928,927,214927,214008
85,S,928,927,213630,212705
86,S,928,927,210632,209712
87,S,928,927,213349,212431
88,S,928,927,213253,212327
89,A,928,927,927,0
90,D,928,927,430044,429731
AVG,AVG,928,927,215163,214302
91,S,62,61,1004,945
92,S,62,61,994,935
93,S,62,61,857,798
94,S,62,61,977,920
95,S,62,61,1045,989
96,S,62,61,1074,1016
97,S,62,61,1165,1108
98,S,62,61,972,914
99,A,62,61,61,0
100,D,62,61,1891,1890
AVG,AVG,62,61,1004,951.5
101,S,592,591,88351,87767
102,S,592,591,88077,87491
103,S,592,591,87565,86981
104,S,592,591,83878,83294
105,S,592,591,89188,88602
106,S,592,591,86250,85664
107,S,592,591,90104,89518
108,S,592,591,90283,89695
109,A,592,591,591,0
110,D,592,591,174904,174753
AVG,AVG,592,591,87919.1,87376.5
111,S,902,901,201511,200619
112,S,902,901,201012,200116
113,S,902,901,202674,201780
114,S,902,901,208966,208074
115,S,902,901,202828,201932
116,S,902,901,207112,206215
117,S,902,901,192212,191316
118,S,902,901,205689,204794
119,A,902,901,901,0
120,D,902,901,406241,405932
AVG,AVG,902,901,202915,202078
121,S,119,118,3304,3191
122,S,119,118,3668,3556
123,S,119,118,3492,3376
124,S,119,118,3381,3268
125,S,119,118,3802,3690
126,S,119,118,3578,3463
127,S,119,118,3827,3714
128,S,119,118,3828,3714
129,A,119,118,118,0
130,D,119,118,7020,7015
AVG,AVG,119,118,3601.8,3498.7
131,S,881,880,193169,192302
132,S,881,880,194802,193927
133,S,881,880,197598,196720
134,S,881,880,196961,196086
135,S,881,880,191373,190497
136,S,881,880,190389,189517
137,S,881,880,192477,191606
138,S,881,880,195240,194364
139,A,881,880,880,0
140,D,881,880,387546,387244
AVG,AVG,881,880,194044,193226
141,S,399,398,39957,39562
142,S,399,398,40825,40431
143,S,399,398,40450,40060
144,S,399,398,41322,40931
145,S,399,398,37429,37037
146,S,399,398,39047,38656
147,S,399,398,39347,38956
148,S,399,398,38969,38582
149,A,399,398,398,0
150,D,399,398,79389,79307
AVG,AVG,399,398,39713.3,39352.2
151,S,496,495,61646,61158
152,S,496,495,63967,63479
153,S,496,495,62760,62270
154,S,496,495,62099,61608
155,S,496,495,61726,61236
156,S,496,495,59805,59315
157,S,496,495,64493,64004
158,S,496,495,61448,60959
159,A,496,495,495,0
160,D,496,495,122749,122651
AVG,AVG,496,495,62118.8,61668
161,S,534,533,69623,69097
162,S,534,533,73535,73007
163,S,534,533,70473,69944
164,S,534,533,71175,70647
165,S,534,533,75279,74754
166,S,534,533,72710,72182
167,S,534,533,71226,70701
168,S,534,533,73643,73119
169,A,534,533,533,0
170,D,534,533,142297,142184
AVG,AVG,534,533,72049.4,71563.5
171,S,605,604,88953,88353
172,S,605,604,92067,91468
173,S,605,604,95155,94555
174,S,605,604,96144,95544
175,S,605,604,86369,85772
176,S,605,604,90511,89916
177,S,605,604,88855,88255
178,S,605,604,90954,90359
179,A,605,604,604,0
180,D,605,604,182683,182522
AVG,AVG,605,604,91229.5,90674.4
181,S,221,220,11636,11420
182,S,221,220,11575,11358
183,S,221,220,12460,12244
184,S,221,220,11565,11350
185,S,221,220,12027,11814
186,S,221,220,11473,11256
187,S,221,220,12146,11931
188,S,221,220,11801,11589
189,A,221,220,220,0
190,D,221,220,24309,24288
AVG,AVG,221,220,11921.2,11725
191,S,759,758,145022,144274
192,S,759,758,151578,150825
193,S,759,758,138769,138015
194,S,759,758,146173,145417
195,S,759,758,147015,146264
196,S,759,758,148568,147817
197,S,759,758,146574,145826
198,S,759,758,143163,142410
199,A,759,758,758,0
200,D,759,758,287613,287394
AVG,AVG,759,758,145523,144824
201,S,411,410,42533,42132
202,S,411,410,39861,39454
203,S,411,410,41283,40879
204,S,411,410,43275,42871
205,S,411,410,42603,42202
206,S,411,410,42752,42347
207,S,411,410,42317,41914
208,S,411,410,44049,43642
209,A,411,410,410,0
210,D,411,410,84249,84171
AVG,AVG,411,410,42333.2,41961.2
211,S,190,189,8993,8810
212,S,190,189,9175,8994
213,S,190,189,10023,9842
214,S,190,189,9272,9091
215,S,190,189,8638,8455
216,S,190,189,9216,9034
217,S,190,189,9865,9679
218,S,190,189,8481,8297
219,A,190,189,189,0
220,D,190,189,17955,17944
AVG,AVG,190,189,9180.7,9014.6
221,S,838,837,177018,176184
222,S,838,837,182816,181986
223,S,838,837,174278,173444
224,S,838,837,175439,174605
225,S,838,837,172863,172031
226,S,838,837,174669,173837
227,S,838,837,177449,176619
228,S,838,837,179593,178765
229,A,838,837,837,0
230,D,838,837,350596,350316
AVG,AVG,838,837,176556,175779
231,S,305,304,24818,24518
232,S,305,304,24214,23914
233,S,305,304,22654,22355
234,S,305,304,22976,22679
235,S,305,304,23185,22885
236,S,305,304,24213,23914
237,S,305,304,22971,22676
238,S,305,304,25069,24772
239,A,305,304,304,0
240,D,305,304,46354,46313
AVG,AVG,305,304,23675.8,23402.6
241,S,343,342,30401,30062
242,S,343,342,31198,30862
243,S,343,342,27485,27146
244,S,343,342,30888,30549
245,S,343,342,30929,30590
246,S,343,342,28673,28336
247,S,343,342,30224,29888
248,S,343,342,29457,29120
249,A,343,342,342,0
250,D,343,342,58650,58604
AVG,AVG,343,342,29824.7,29515.7
251,S,375,374,34260,33890
252,S,375,374,35958,35586
253,S,375,374,33482,33110
254,S,375,374,37358,36988
255,S,375,374,34976,34611
256,S,375,374,35367,35004
257,S,375,374,37259,36890
258,S,375,374,36228,35857
259,A,375,374,374,0
260,D,375,374,70120,70071
AVG,AVG,375,374,35538.2,35200.7
261,S,245,244,14815,14574
262,S,245,244,14980,14741
263,S,245,244,15724,15487
264,S,245,244,15496,15255
265,S,245,244,14161,13920
266,S,245,244,14907,14666
267,S,245,244,15862,15621
268,S,245,244,15298,15059
269,A,245,244,244,0
270,D,245,244,29889,29862
AVG,AVG,245,244,15137.6,14918.5
271,S,129,128,4105,3981
272,S,129,128,3910,3792
273,S,129,128,4079,3958
274,S,129,128,4341,4221
275,S,129,128,4169,4043
276,S,129,128,4633,4509
277,S,129,128,4707,4589
278,S,129,128,4355,4234
279,A,129,128,128,0
280,D,129,128,8256,8244
AVG,AVG,129,128,4268.3,4157.1
281,S,985,984,247885,246904
282,S,985,984,245357,244376
283,S,985,984,238957,237982
284,S,985,984,240215,239234
285,S,985,984,245340,244358
286,S,985,984,244514,243533
287,S,985,984,250700,249719
288,S,985,984,237028,236051
289,A,985,984,984,0
290,D,985,984,484494,484138
AVG,AVG,985,984,243547,242630
291,S,604,603,93203,92607
292,S,604,603,95101,94502
293,S,604,603,90695,90098
294,S,604,603,89250,88652
295,S,604,603,88392,87794
296,S,604,603,91794,91203
297,S,604,603,90090,89495
298,S,604,603,92800,92203
299,A,604,603,603,0
300,D,604,603,182071,181907
AVG,AVG,604,603,91399.9,90846.1
301,S,92,91,2120,2034
302,S,92,91,2535,2449
303,S,92,91,2343,2257
304,S,92,91,1918,1829
305,S,92,91,2179,2092
306,S,92,91,2429,2343
307,S,92,91,2094,2005
308,S,92,91,2053,1967
309,A,92,91,91,0
310,D,92,91,4186,4181
AVG,AVG,92,91,2194.8,2115.7
311,S,853,852,187809,186962
312,S,853,852,185893,185050
313,S,853,852,181014,180169
314,S,853,852,180118,179274
315,S,853,852,181826,180978
316,S,853,852,185062,184219
317,S,853,852,182466,181622
318,S,853,852,181602,180762
319,A,853,852,852,0
320,D,853,852,363302,363030
AVG,AVG,853,852,182994,182207
321,S,439,438,49561,49132
322,S,439,438,47782,47351
323,S,439,438,48645,48215
324,S,439,438,48066,47633
325,S,439,438,48485,48050
326,S,439,438,47911,47481
327,S,439,438,46589,46157
328,S,439,438,51210,50777
329,A,439,438,438,0
330,D,439,438,96129,96039
AVG,AVG,439,438,48481.6,48083.5
331,S,166,165,6356,6198
332,S,166,165,6877,6719
333,S,166,165,6881,6724
334,S,166,165,7189,7027
335,S,166,165,7789,7629
336,S,166,165,6533,6372
337,S,166,165,6502,6339
338,S,166,165,7387,7228
339,A,166,165,165,0
340,D,166,165,13695,13682
AVG,AVG,166,165,6937.4,6791.8
341,S,775,774,148020,147248
342,S,775,774,155695,154927
343,S,775,774,155319,154550
344,S,775,774,142931,142159
345,S,775,774,152546,151781
346,S,775,774,149662,148897
347,S,775,774,152303,151534
348,S,775,774,144663,143892
349,A,775,774,774,0
350,D,775,774,299880,299655
AVG,AVG,775,774,150179,149464
351,S,982,981,236578,235603
352,S,982,981,232498,231525
353,S,982,981,239404,238425
354,S,982,981,238365,237387
355,S,982,981,230257,229282
356,S,982,981,251974,250998
357,S,982,981,240152,239176
358,S,982,981,241151,240175
359,A,982,981,981,0
360,D,982,981,481525,481161
AVG,AVG,982,981,239288,238373
361,S,394,393,38421,38034
362,S,394,393,40344,39957
363,S,394,393,41183,40796
364,S,394,393,38030,37641
365,S,394,393,38912,38525
366,S,394,393,39194,38804
367,S,394,393,41067,40679
368,S,394,393,39092,38703
369,A,394,393,393,0
370,D,394,393,77413,77351
AVG,AVG,394,393,39404.9,39049
371,S,815,814,167947,167138
372,S,815,814,167209,166400
373,S,815,814,158971,158161
374,S,815,814,165871,165061
375,S,815,814,167311,166504
376,S,815,814,168916,168109
377,S,815,814,168614,167808
378,S,815,814,163500,162690
379,A,815,814,814,0
380,D,815,814,331633,331378
AVG,AVG,815,814,166079,165325
381,S,904,903,207553,206656
382,S,904,903,198063,197167
383,S,904,903,206868,205970
384,S,904,903,203929,203032
385,S,904,903,209749,208854
386,S,904,903,201822,200927
387,S,904,903,192659,191763
388,S,904,903,209296,208400
389,A,904,903,903,0
390,D,904,903,408072,407795
AVG,AVG,904,903,203891,203056
391,S,394,393,39676,39286
392,S,394,393,41147,40759
393,S,394,393,38205,37820
394,S,394,393,39698,39309
395,S,394,393,38317,37934
396,S,394,393,40781,40396
397,S,394,393,38284,37899
398,S,394,393,40738,40350
399,A,394,393,393,0
400,D,394,393,77415,77343
AVG,AVG,394,393,39465.4,39109.6
401,S,914,913,210925,210020
402,S,914,913,210307,209402
403,S,914,913,202245,201340
404,S,914,913,207097,206193
405,S,914,913,206832,205927
406,S,914,913,205509,204600
407,S,914,913,211319,210411
408,S,914,913,220348,219442
409,A,914,913,913,0
410,D,914,913,417139,416831
AVG,AVG,914,913,209263,208417
411,S,738,737,134516,133785
412,S,738,737,136516,135787
413,S,738,737,141189,140455
414,S,738,737,137736,137004
415,S,738,737,132821,132091
416,S,738,737,139722,138992
417,S,738,737,139688,138954
418,S,738,737,136733,135999
419,A,738,737,737,0
420,D,738,737,271898,271690
AVG,AVG,738,737,137156,136476
421,S,159,158,6300,6149
422,S,159,158,6010,5854
423,S,159,158,6890,6736
424,S,159,158,6639,6484
425,S,159,158,6560,6411
426,S,159,158,6727,6576
427,S,159,158,7352,7198
428,S,159,158,5960,5804
429,A,159,158,158,0
430,D,159,158,12560,12549
AVG,AVG,159,158,6515.6,6376.1
431,S,737,736,127823,127094
432,S,737,736,129449,128719
433,S,737,736,131048,130320
434,S,737,736,138568,137840
435,S,737,736,138007,137282
436,S,737,736,131763,131033
437,S,737,736,135615,134884
438,S,737,736,135576,134844
439,A,737,736,736,0
440,D,737,736,271150,270932
AVG,AVG,737,736,133974,133295
441,S,585,584,88744,88170
442,S,585,584,85063,84480
443,S,585,584,88403,87824
444,S,585,584,82797,82217
445,S,585,584,84031,83450
446,S,585,584,86605,86028
447,S,585,584,87038,86462
448,S,585,584,84252,83675
449,A,585,584,584,0
450,D,585,584,170795,170655
AVG,AVG,585,584,85831.2,85296.1
451,S,814,813,167889,167082
452,S,814,813,170045,169235
453,S,814,813,174196,173390
454,S,814,813,167158,166355
455,S,814,813,161910,161101
456,S,814,813,164230,163424
457,S,814,813,171132,170320
458,S,814,813,164794,163987
459,A,814,813,813,0
460,D,814,813,330811,330553
AVG,AVG,814,813,167298,166545
461,S,218,217,12676,12468
462,S,218,217,12790,12576
463,S,218,217,13280,13067
464,S,218,217,13006,12795
465,S,218,217,12538,12325
466,S,218,217,12215,12001
467,S,218,217,11079,10866
468,S,218,217,11188,10975
469,A,218,217,217,0
470,D,218,217,23651,23628
AVG,AVG,218,217,12264,12070.1
471,S,890,889,202767,201884
472,S,890,889,199550,198667
473,S,890,889,200238,199357
474,S,890,889,202595,201712
475,S,890,889,195633,194750
476,S,890,889,198515,197631
477,S,890,889,194186,193305
478,S,890,889,192127,191244
479,A,890,889,889,0
480,D,890,889,395506,395199
AVG,AVG,890,889,198201,197375
481,S,411,410,41490,41083
482,S,411,410,41854,41450
483,S,411,410,44351,43946
484,S,411,410,42276,41870
485,S,411,410,40586,40179
486,S,411,410,42262,41854
487,S,411,410,43325,42923
488,S,411,410,40641,40238
489,A,411,410,410,0
490,D,411,410,84243,84167
AVG,AVG,411,410,42143.8,41771
491,S,359,358,32451,32096
492,S,359,358,31627,31274
493,S,359,358,32235,31883
494,S,359,358,32877,32528
495,S,359,358,34158,33801
496,S,359,358,31009,30656
497,S,359,358,31449,31093
498,S,359,358,32778,32424
499,A,359,358,358,0
500,D,359,358,64257,64195
AVG,AVG,359,358,32319.9,31995
501,S,283,282,20720,20442
502,S,283,282,20077,19804
503,S,283,282,20981,20704
504,S,283,282,21581,21303
505,S,283,282,20584,20306
506,S,283,282,18973,18695
507,S,283,282,19673,19395
508,S,283,282,20571,20294
509,A,283,282,282,0
510,D,283,282,39902,39863
AVG,AVG,283,282,20334.4,20080.6
511,S,317,316,24761,24450
512,S,317,316,25579,25268
513,S,317,316,25377,25067
514,S,317,316,25771,25459
515,S,317,316,24764,24451
516,S,317,316,25230,24923
517,S,317,316,26299,25991
518,S,317,316,25633,25323
519,A,317,316,316,0
520,D,317,316,50081,50042
AVG,AVG,317,316,25381.1,25097.4
521,S,579,578,83355,82782
522,S,579,578,80203,79632
523,S,579,578,87712,87140
524,S,579,578,81279,80706
525,S,579,578,86175,85605
526,S,579,578,86997,86424
527,S,579,578,81315,80744
528,S,579,578,81577,81005
529,A,579,578,578,0
530,D,579,578,167316,167194
AVG,AVG,579,578,83650.7,83123.2
531,S,895,894,197244,196352
532,S,895,894,202308,201419
533,S,895,894,207935,207046
534,S,895,894,200627,199736
535,S,895,894,201847,200959
536,S,895,894,189184,188297
537,S,895,894,190330,189439
538,S,895,894,200212,199322
539,A,895,894,894,0
540,D,895,894,399936,399627
AVG,AVG,895,894,199052,198220
541,S,168,167,6506,6343
542,S,168,167,7161,6997
543,S,168,167,7097,6934
544,S,168,167,6516,6351
545,S,168,167,7136,6974
546,S,168,167,7070,6904
547,S,168,167,7998,7836
548,S,168,167,7054,6890
549,A,168,167,167,0
550,D,168,167,14027,14013
AVG,AVG,168,167,7073.2,6924.2
551,S,200,199,10189,9999
552,S,200,199,10216,10017
553,S,200,199,9690,9494
554,S,200,199,10073,9876
555,S,200,199,10091,9899
556,S,200,199,9831,9641
557,S,200,199,10230,10034
558,S,200,199,10599,10403
559,A,200,199,199,0
560,D,200,199,19898,19881
AVG,AVG,200,199,10101.6,9924.4
561,S,358,357,30511,30162
562,S,358,357,32440,32089
563,S,358,357,32209,31859
564,S,358,357,33707,33357
565,S,358,357,32400,32048
566,S,358,357,32665,32314
567,S,358,357,31215,30865
568,S,358,357,29811,29458
569,A,358,357,357,0
570,D,358,357,63901,63849
AVG,AVG,358,357,31921.6,31600.1
571,S,604,603,93500,92900
572,S,604,603,93803,93207
573,S,604,603,91025,90426
574,S,604,603,88590,87988
575,S,604,603,87422,86822
576,S,604,603,92380,91781
577,S,604,603,92277,91680
578,S,604,603,95374,94777
579,A,604,603,603,0
580,D,604,603,182084,181937
AVG,AVG,604,603,91705.8,91151.8
581,S,342,341,29234,28901
582,S,342,341,30375,30039
583,S,342,341,30966,30631
584,S,342,341,27662,27322
585,S,342,341,29098,28762
586,S,342,341,29135,28801
587,S,342,341,30655,30317
588,S,342,341,30601,30268
589,A,342,341,341,0
590,D,342,341,58309,58261
AVG,AVG,342,341,29637.6,29330.2
591,S,464,463,52614,52157
592,S,464,463,50932,50474
593,S,464,463,52531,52074
594,S,464,463,52935,52476
595,S,464,463,56855,56397
596,S,464,463,56471,56014
597,S,464,463,54226,53767
598,S,464,463,53271,52816
599,A,464,463,463,0
600,D,464,463,107407,107317
AVG,AVG,464,463,53770.5,53349.2
601,S,231,230,14763,14541
602,S,231,230,12443,12216
603,S,231,230,13563,13338
604,S,231,230,12865,12642
605,S,231,230,13522,13298
606,S,231,230,13825,13604
607,S,231,230,13285,13060
608,S,231,230,14090,13864
609,A,231,230,230,0
610,D,231,230,26560,26541
AVG,AVG,231,230,13514.6,13310.4
611,S,688,687,120277,119594
612,S,688,687,123555,122875
613,S,688,687,117186,116508
614,S,688,687,114800,114120
615,S,688,687,118303,117623
616,S,688,687,117957,117275
617,S,688,687,122157,121474
618,S,688,687,119655,118972
619,A,688,687,687,0
620,D,688,687,236287,236108
AVG,AVG,688,687,119086,118455
621,S,324,323,25044,24727
622,S,324,323,28444,28129
623,S,324,323,25227,24912
624,S,324,323,26407,26093
625,S,324,323,27092,26775
626,S,324,323,25324,25006
627,S,324,323,28040,27724
628,S,324,323,26007,25690
629,A,324,323,323,0
630,D,324,323,52320,52270
AVG,AVG,324,323,26422.8,26132.6
631,S,965,964,236891,235933
632,S,965,964,230019,229059
633,S,965,964,228356,227398
634,S,965,964,230685,229729
635,S,965,964,232414,231457
636,S,965,964,239414,238456
637,S,965,964,241817,240858
638,S,965,964,228109,227153
639,A,965,964,964,0
640,D,965,964,465021,464674
AVG,AVG,965,964,233369,232472
641,S,649,648,106038,105392
642,S,649,648,104446,103805
643,S,649,648,110430,109789
644,S,649,648,101681,101040
645,S,649,648,108487,107840
646,S,649,648,114013,113375
647,S,649,648,102940,102299
648,S,649,648,105881,105238
649,A,649,648,648,0
650,D,649,648,210235,210060
AVG,AVG,649,648,106480,105884
651,S,254,253,15717,15468
652,S,254,253,16275,16027
653,S,254,253,16861,16613
654,S,254,253,16117,15868
655,S,254,253,16528,16279
656,S,254,253,16213,15965
657,S,254,253,15916,15669
658,S,254,253,16428,16182
659,A,254,253,253,0
660,D,254,253,32129,32103
AVG,AVG,254,253,16243.7,16017.4
661,S,251,250,16017,15773
662,S,251,250,15499,15254
663,S,251,250,17509,17265
664,S,251,250,15988,15744
665,S,251,250,14803,14556
666,S,251,250,16456,16209
667,S,251,250,15594,15349
668,S,251,250,14700,14451
669,A,251,250,250,0
670,D,251,250,31370,31338
AVG,AVG,251,250,15818.6,15593.9
671,S,999,998,252064,251070
672,S,999,998,250385,249391
673,S,999,998,243901,242908
674,S,999,998,260135,259147
675,S,999,998,254253,253259
676,S,999,998,249215,248226
677,S,999,998,246316,245323
678,S,999,998,256019,255029
679,A,999,998,998,0
680,D,999,998,498360,497971
AVG,AVG,999,998,251165,250232
681,S,265,264,17275,17017
682,S,265,264,18531,18273
683,S,265,264,18763,18505
684,S,265,264,18022,17760
685,S,265,264,18756,18498
686,S,265,264,17409,17150
687,S,265,264,18037,17779
688,S,265,264,17575,17316
689,A,265,264,264,0
690,D,265,264,34977,34942
AVG,AVG,265,264,17960.9,17724
691,S,906,905,200835,199937
692,S,906,905,210422,209521
693,S,906,905,201452,200554
694,S,906,905,201622,200721
695,S,906,905,212610,211710
696,S,906,905,206920,206020
697,S,906,905,200771,199867
698,S,906,905,212580,211681
699,A,906,905,905,0
700,D,906,905,409877,409581
AVG,AVG,906,905,205799,204959
701,S,575,574,82957,82387
702,S,575,574,81683,81114
703,S,575,574,81999,81434
704,S,575,574,84206,83634
705,S,575,574,85638,85067
706,S,575,574,78182,77613
707,S,575,574,80207,79639
708,S,575,574,81830,81259
709,A,575,574,574,0
710,D,575,574,164994,164850
AVG,AVG,575,574,82227,81699.7
711,S,944,943,233748,232809
712,S,944,943,224681,223741
713,S,944,943,222345,221408
714,S,944,943,217278,216341
715,S,944,943,226510,225570
716,S,944,943,230541,229608
717,S,944,943,225567,224628
718,S,944,943,215719,214780
719,A,944,943,943,0
720,D,944,943,444996,444670
AVG,AVG,944,943,224233,223356
721,S,848,847,182707,181865
722,S,848,847,176529,175687
723,S,848,847,175482,174640
724,S,848,847,185368,184528
725,S,848,847,178095,177258
726,S,848,847,174940,174099
727,S,848,847,179978,179134
728,S,848,847,189104,188260
729,A,848,847,847,0
730,D,848,847,359014,358725
AVG,AVG,848,847,180206,179420
731,S,527,526,72958,72438
732,S,527,526,68842,68321
733,S,527,526,71127,70606
734,S,527,526,66246,65725
735,S,527,526,71025,70503
736,S,527,526,67296,66773
737,S,527,526,69721,69201
738,S,527,526,70713,70193
739,A,527,526,526,0
740,D,527,526,138583,138465
AVG,AVG,527,526,69703.7,69222.5
741,S,753,752,140588,139840
742,S,753,752,141975,141227
743,S,753,752,138920,138170
744,S,753,752,140274,139528
745,S,753,752,137176,136430
746,S,753,752,144708,143962
747,S,753,752,149064,148316
748,S,753,752,141167,140418
749,A,753,752,752,0
750,D,753,752,283052,282818
AVG,AVG,753,752,141768,141071
751,S,656,655,110723,110074
752,S,656,655,109483,108838
753,S,656,655,107001,106351
754,S,656,655,112307,111655
755,S,656,655,107443,106796
756,S,656,655,107602,106956
757,S,656,655,108909,108258
758,S,656,655,109213,108568
759,A,656,655,655,0
760,D,656,655,214804,214633
AVG,AVG,656,655,108814,108213
761,S,812,811,161003,160199
762,S,812,811,165711,164903
763,S,812,811,168768,167964
764,S,812,811,164588,163783
765,S,812,811,163608,162807
766,S,812,811,166439,165638
767,S,812,811,168506,167705
768,S,812,811,158218,157414
769,A,812,811,811,0
770,D,812,811,329203,328964
AVG,AVG,812,811,164686,163938
771,S,517,516,68934,68421
772,S,517,516,68953,68443
773,S,517,516,64903,64392
774,S,517,516,66051,65538
775,S,517,516,70173,69663
776,S,517,516,69818,69309
777,S,517,516,65766,65256
778,S,517,516,64247,63736
779,A,517,516,516,0
780,D,517,516,133360,133243
AVG,AVG,517,516,67272.1,66800.1
781,S,687,686,116478,115794
782,S,687,686,120348,119667
783,S,687,686,116438,115758
784,S,687,686,121372,120694
785,S,687,686,117996,117320
786,S,687,686,120456,119774
787,S,687,686,113782,113105
788,S,687,686,121304,120623
789,A,687,686,686,0
790,D,687,686,235597,235406
AVG,AVG,687,686,118446,117814
791,S,123,122,4033,3916
792,S,123,122,3669,3549
793,S,123,122,4029,3912
794,S,123,122,3942,3828
795,S,123,122,3577,3458
796,S,123,122,3571,3453
797,S,123,122,3707,3588
798,S,123,122,3856,3739
799,A,123,122,122,0
800,D,123,122,7503,7496
AVG,AVG,123,122,3800.9,3693.9
801,S,367,366,35131,34770
802,S,367,366,33648,33288
803,S,367,366,34260,33898
804,S,367,366,35623,35268
805,S,367,366,34535,34173
806,S,367,366,33342,32981
807,S,367,366,33669,33309
808,S,367,366,32459,32102
809,A,367,366,366,0
810,D,367,366,67149,67083
AVG,AVG,367,366,34018.2,33687.2
811,S,103,102,2628,2531
812,S,103,102,2692,2592
813,S,103,102,2897,2795
814,S,103,102,2542,2446
815,S,103,102,2635,2539
816,S,103,102,2786,2689
817,S,103,102,2816,2721
818,S,103,102,2834,2733
819,A,103,102,102,0
820,D,103,102,5252,5245
AVG,AVG,103,102,2718.4,2629.1
821,S,204,203,11194,10996
822,S,204,203,10489,10290
823,S,204,203,10400,10201
824,S,204,203,10377,10178
825,S,204,203,10873,10676
826,S,204,203,10952,10756
827,S,204,203,9871,9672
828,S,204,203,10666,10470
829,A,204,203,203,0
830,D,204,203,20706,20688
AVG,AVG,204,203,10573.1,10392.7
831,S,633,632,102125,101498
832,S,633,632,101863,101239
833,S,633,632,97702,97078
834,S,633,632,98904,98279
835,S,633,632,104072,103443
836,S,633,632,101031,100409
837,S,633,632,99460,98840
838,S,633,632,104155,103531
839,A,633,632,632,0
840,D,633,632,199999,199837
AVG,AVG,633,632,100994,100415
841,S,507,506,65043,64542
842,S,507,506,64622,64122
843,S,507,506,65728,65225
844,S,507,506,63443,62944
845,S,507,506,63702,63200
846,S,507,506,64344,63844
847,S,507,506,64208,63704
848,S,507,506,64102,63600
849,A,507,506,506,0
850,D,507,506,128244,128125
AVG,AVG,507,506,64394.2,63930.6
851,S,206,205,10687,10485
852,S,206,205,9918,9716
853,S,206,205,11181,10982
854,S,206,205,10899,10700
855,S,206,205,11148,10949
856,S,206,205,9938,9740
857,S,206,205,11036,10837
858,S,206,205,10672,10476
859,A,206,205,205,0
860,D,206,205,21115,21097
AVG,AVG,206,205,10679.9,10498.2
861,S,541,540,73172,72637
862,S,541,540,67485,66952
863,S,541,540,75499,74966
864,S,541,540,72577,72042
865,S,541,540,71337,70802
866,S,541,540,71289,70753
867,S,541,540,74585,74054
868,S,541,540,73129,72597
869,A,541,540,540,0
870,D,541,540,146045,145921
AVG,AVG,541,540,72565.8,72072.4
871,S,638,637,95622,94990
872,S,638,637,102285,101656
873,S,638,637,103800,103165
874,S,638,637,104562,103928
875,S,638,637,101099,100464
876,S,638,637,104066,103432
877,S,638,637,105305,104676
878,S,638,637,103246,102615
879,A,638,637,637,0
880,D,638,637,203159,202985
AVG,AVG,638,637,102378,101791
881,S,268,267,18359,18099
882,S,268,267,19592,19335
883,S,268,267,19041,18779
884,S,268,267,16161,15900
885,S,268,267,16771,16510
886,S,268,267,17934,17670
887,S,268,267,18331,18069
888,S,268,267,17502,17244
889,A,268,267,267,0
890,D,268,267,35775,35737
AVG,AVG,268,267,17973.3,17734.3
891,S,997,996,252373,251385
892,S,997,996,241932,240940
893,S,997,996,252053,251061
894,S,997,996,255577,254589
895,S,997,996,251574,250584
896,S,997,996,242833,241845
897,S,997,996,255512,254521
898,S,997,996,239864,238875
899,A,997,996,996,0
900,D,997,996,496381,496013
AVG,AVG,997,996,248910,247981
901,S,443,442,48516,48082
902,S,443,442,48193,47753
903,S,443,442,49694,49259
904,S,443,442,47195,46758
905,S,443,442,50221,49785
906,S,443,442,49838,49401
907,S,443,442,48975,48540
908,S,443,442,49187,48748
909,A,443,442,442,0
910,D,443,442,97898,97824
AVG,AVG,443,442,49015.9,48615
911,S,838,837,178988,178155
912,S,838,837,169331,168501
913,S,838,837,172063,171231
914,S,838,837,175617,174785
915,S,838,837,176550,175718
916,S,838,837,169315,168482
917,S,838,837,174232,173399
918,S,838,837,178276,177443
919,A,838,837,837,0
920,D,838,837,350634,350360
AVG,AVG,838,837,174584,173807
921,S,76,75,1531,1457
922,S,76,75,1340,1267
923,S,76,75,1710,1638
924,S,76,75,1472,1402
925,S,76,75,1380,1311
926,S,76,75,1250,1180
927,S,76,75,1453,1384
928,S,76,75,1442,1372
929,A,76,75,75,0
930,D,76,75,2849,2846
AVG,AVG,76,75,1450.2,1385.7
931,S,770,769,145169,144402
932,S,770,769,143705,142940
933,S,770,769,153274,152510
934,S,770,769,153567,152804
935,S,770,769,148016,147251
936,S,770,769,147812,147049
937,S,770,769,147342,146578
938,S,770,769,145450,144688
939,A,770,769,769,0
940,D,770,769,295999,295759
AVG,AVG,770,769,148110,147398
941,S,641,640,104224,103593
942,S,641,640,99264,98628
943,S,641,640,103684,103048
944,S,641,640,107560,106927
945,S,641,640,106288,105658
946,S,641,640,109565,108933
947,S,641,640,101972,101339
948,S,641,640,104055,103419
949,A,641,640,640,0
950,D,641,640,205078,204909
AVG,AVG,641,640,104233,103645
951,S,875,874,192502,191637
952,S,875,874,194821,193953
953,S,875,874,193973,193106
954,S,875,874,193866,192996
955,S,875,874,198021,197154
956,S,875,874,186045,185177
957,S,875,874,188701,187836
958,S,875,874,188932,188066
959,A,875,874,874,0
960,D,875,874,382298,382018
AVG,AVG,875,874,192003,191194
961,S,886,885,193542,192659
962,S,886,885,193314,192431
963,S,886,885,192509,191630
964,S,886,885,199229,198351
965,S,886,885,201482,200602
966,S,886,885,199270,198392
967,S,886,885,193429,192551
968,S,886,885,197485,196610
969,A,886,885,885,0
970,D,886,885,391959,391655
AVG,AVG,886,885,196310,195488
971,S,322,321,26398,26080
972,S,322,321,25984,25670
973,S,322,321,27499,27182
974,S,322,321,26019,25704
975,S,322,321,26471,26155
976,S,322,321,25855,25538
977,S,322,321,25211,24892
978,S,322,321,25966,25647
979,A,322,321,321,0
980,D,322,321,51675,51626
AVG,AVG,322,321,26139.9,25849.4
981,S,736,735,135204,134474
982,S,736,735,135638,134904
983,S,736,735,136512,135780
984,S,736,735,137338,136607
985,S,736,735,130345,129618
986,S,736,735,139075,138346
987,S,736,735,138080,137349
988,S,736,735,134975,134247
989,A,736,735,735,0
990,D,736,735,270417,270198
AVG,AVG,736,735,135832,135152
991,S,700,699,129498,128805
992,S,700,699,121610,120921
993,S,700,699,118331,117636
994,S,700,699,126098,125403
995,S,700,699,117414,116724
996,S,700,699,120015,119325
997,S,700,699,126796,126108
998,S,700,699,124866,124173
999,A,700,699,699,0
1000,D,700,699,244589,244386
AVG,AVG,700,699,122992,122348
